,name,price,pixel,min_iso,max_iso,continuous_shooting_performance,shutter_speed,monitor_size,monitor_pixel,max_num_of_shooting,four_k,wifi,touch_panel,move_panel,weight,width,height,depth,frame_id,maker_id,finder_id,f_value,max_num_of_shooting_with_finder,bluetooth,zoom,min_focus,max_focus,selfie,waterproof,gps,nearest_shot,anti_shake,five_axis_anti_shake,nearest_shot_with_macro_mode,f_value_wide,super_wide,open_year,open_month,camera_type_id
0,LEICA X-U Typ 113,410400.0,1620.0,100.0,12500.0,5.0,30〜1/2000 秒,3.0,92.0,450,False,False,False,,635.0,140.0,79.0,88.0,3.0,8,2,1.7,,　,,35.0,35.0,False,15 m,False,20.0,電子式,,,1.7,False,2016.0,2.0,1
1,EOS 8000D EF-S18-135 IS USM レンズキット,101380.0,2420.0,,2560.0,5.0,1/4000〜30 秒,3.0,104.0,200,False,True,True,バリアングル液晶,520.0,131.9,100.9,77.8,3.0,4,45,,550.0,　,,,,False,　,False,,　,False,,,False,2016.0,3.0,3
2,サイバーショット DSC-RX100M6,130239,2010,125,2560,24.0,30〜1/32000 秒,3.0,92.1,240 ,True,True,True,チルト液晶,301.0,101.6,58.1,42.8,5.0,1,1,2.8,,　,8,24,200,True,　,False,8.0,光学式,,,4.5,False,2018,6,1
3,FUJIFILM XF10,43600,2424,200,5120,,4〜1/16000 秒,3.0,104.0,330 ,True,True,True,,279.0,112.5,64.4,41.0,3.0,2,2,2.8,,○,,28,28,False,　,False,10.0,　,,,2.8,False,2018,8,1
4,COOLPIX P1000,120342,1605,100,6400,120.0,1〜1/4000 秒,3.2,92.0,250 ,True,True,False,バリアングル液晶,1415.0,146.3,118.8,181.3,6.0,3,3,2.8,,○,125,24,3000,True,　,False,30.0,レンズシフト方式,,1.0,8,False,2018,9,1
5,サイバーショット DSC-RX100M3,56770,2010,125,2560,10.0,1〜1/2000 秒,3.0,122.8,320 ,False,True,False,チルト液晶,290.0,101.6,58.1,41.0,5.0,1,4,1.8,,　,3,24,70,True,　,False,5.0,光学式,,,2.8,False,2014,5,1
6,PowerShot G7 X Mark II,53370,2010,125,12800,8.0,1〜1/2000 秒,3.0,104.0,265 ,False,True,True,チルト液晶,319.0,105.5,60.9,42.2,5.0,4,2,1.8,,　,4,24,100,True,　,False,5.0,光学式,,5.0,2.8,False,2016,4,1
7,PowerShot SX620 HS,17291,2020,80,3200,7.1,1〜1/2000 秒,3.0,92.2,295 ,False,True,False,,182.0,96.9,56.9,27.9,6.0,4,2,3.2,,　,25,25,625,False,　,False,1.0,光学式,,1.0,6.6,False,2016,5,1
8,OLYMPUS Tough TG-5,45300,1200,100,12800,,1/2〜1/2000 秒,3.0,46.0,340 ,True,True,False,,250.0,113.0,66.0,31.9,6.0,5,2,2,,　,4,25,100,False,15 m,True,10.0,CMOSシフト方式,,1.0,4.9,False,2017,6,1
9,サイバーショット DSC-RX100,36780,2020,125,2560,10.0,1〜1/2000 秒,3.0,122.9,330 ,False,False,False,,240.0,101.6,58.1,35.9,5.0,1,2,1.8,,　,4,28,100,False,　,False,5.0,光学式,,,4.9,False,2012,6,1
10,PowerShot SX720 HS,24199,2030,80,3200,5.9,1〜1/3200 秒,3.0,92.2,250 ,False,True,False,,270.0,109.7,63.8,35.7,6.0,4,2,3.3,,　,40,24,960,False,　,False,1.0,光学式,,1.0,6.9,False,2016,3,1
11,COOLPIX A900,27199,2029,80,3200,120.0,1〜1/2000 秒,3.0,92.0,270 ,True,True,False,チルト液晶,299.0,113.0,66.5,39.9,6.0,3,2,3.4,,○,35,24,840,True,　,False,50.0,レンズシフト方式/電子式,,1.0,6.9,False,2016,10,1
12,LUMIX DC-FZ85,33690,1810,80,640,10.0,4〜1/16000 秒,3.0,104.0,330 ,True,True,True,,616.0,130.2,94.3,119.2,6.0,6,6,2.8,,　,60,20,1200,False,　,False,30.0,光学式,,1.0,5.9,False,2017,3,1
13,FUJIFILM X100F,101248,2430,200,5120,8.0,～1/32000 秒,3.0,104.0,280 ,False,True,False,,469.0,126.5,74.8,52.4,3.0,2,7,2,,　,,35,35,False,　,False,10.0,　,,,2,False,2017,2,1
14,LUMIX DMC-TZ85,24800,1810,80,640,40.0,4〜1/16000 秒,3.0,104.0,320 ,True,True,True,,282.0,112.0,64.0,38.0,6.0,6,8,3.3,,　,30,24,720,False,　,False,50.0,光学式,,3.0,6.4,False,2016,2,1
15,サイバーショット DSC-RX10M4,155437,2010,100,2560,24.0,30〜1/32000 秒,3.0,144.0,400 ,True,True,True,チルト液晶,1095.0,132.5,94.0,145.0,5.0,1,5,2.4,,　,25,24,600,False,　,False,3.0,光学式,,,4,False,2017,10,1
16,サイバーショット DSC-RX100M5A,83963,2010,125,2560,24.0,30〜1/32000 秒,3.0,122.8,220 ,True,True,False,チルト液晶,299.0,101.6,58.1,41.0,5.0,1,1,1.8,,　,3,24,70,True,　,False,5.0,光学式,,,2.8,False,2018,7,1
17,LUMIX DMC-TX1,47800,2010,125,2560,60.0,60〜1/16000 秒,3.0,104.0,300 ,True,True,True,,310.0,110.5,64.5,44.3,5.0,6,8,2.8,,　,10,25,250,False,　,False,50.0,光学式,,5.0,5.9,False,2016,3,1
18,PowerShot G9 X Mark II,41700,2010,125,12800,8.1,1〜1/2000 秒,3.0,104.0,235 ,False,True,True,,206.0,98.0,57.9,31.3,5.0,4,2,2,,○,3,28,84,False,　,False,5.0,光学式,,5.0,4.9,False,2017,2,1
19,PowerShot SX730 HS,29900,2030,80,3200,5.9,1〜1/3200 秒,3.0,92.2,250 ,False,True,False,チルト液晶,300.0,110.1,63.8,39.9,6.0,4,2,3.3,,○,40,24,960,True,　,False,1.0,光学式,,1.0,6.9,False,2017,5,1
20,PowerShot SX740 HS,41979,2030,100,3200,,1〜1/3200 秒,3.0,92.2,265 ,True,True,False,チルト液晶,299.0,110.1,63.8,39.9,6.0,4,2,3.3,,○,40,24,960,True,　,False,1.0,光学式,,1.0,6.9,False,2018,8,1
21,COOLPIX W300,27599,1605,125,6400,120.0,1〜1/1500 秒,3.0,92.0,280 ,True,True,False,,231.0,111.5,66.0,29.0,6.0,3,2,2.8,,○,5,24,120,False,30 m,True,50.0,レンズシフト方式/電子式,,1.0,4.9,False,2017,6,1
22,サイバーショット DSC-WX500,33270,1820,80,1280,10.0,1〜1/2000 秒,3.0,92.1,400 ,False,True,False,チルト液晶,236.0,101.6,58.1,35.5,6.0,1,2,3.5,,　,30,24,720,True,　,False,5.0,光学式,,,6.4,False,2015,6,1
23,COOLPIX B500,20769,1602,125,6400,120.0,1〜1/1500 秒,3.0,92.0,600 ,False,True,False,チルト液晶,542.0,113.5,78.3,94.9,6.0,3,2,3,,○,40,22.5,900,False,　,False,30.0,レンズシフト方式,,1.0,6.5,False,2016,5,1
24,COOLPIX A10,6799,1614,80,1600,1.2,1〜1/2000 秒,2.7,23.0,200 ,False,False,False,,160.0,96.4,59.4,28.9,6.0,3,2,3.2,,　,5,26,130,False,　,False,50.0,　,,10.0,6.5,False,2016,1,1
25,COOLPIX P900,47324,1605,100,12800,120.0,1〜1/4000 秒,3.0,92.0,360 ,False,True,False,バリアングル液晶,899.0,139.5,103.2,137.4,6.0,3,9,2.8,,　,83,24,2000,False,　,True,50.0,レンズシフト方式,,1.0,6.5,False,2015,3,1
26,COOLPIX A100,7990,2005,80,3200,1.1,1〜1/2000 秒,2.7,23.0,250 ,False,False,False,,119.0,94.5,58.6,19.8,6.0,3,2,3.2,,　,5,26,130,False,　,False,50.0,　,,10.0,6.5,False,2016,1,1
27,サイバーショット DSC-WX350,21080,1820,80,1280,10.0,1〜1/1600 秒,3.0,46.0,470 ,False,True,False,,164.0,96.0,54.9,25.7,6.0,1,2,3.5,,　,20,25,500,False,　,False,5.0,光学式,,,6.5,False,2014,3,1
28,COOLPIX W100,11540,1317,125,1600,4.7,1〜1/2000 秒,2.7,23.0,220 ,False,True,False,,177.0,109.5,67.0,38.0,5.0,3,2,3.3,,○,3,30,90,False,10 m,False,5.0,　,,5.0,5.9,False,2016,10,1
29,LUMIX DC-TZ90,33320,2030,80,640,10.0,4〜1/16000 秒,3.0,104.0,380 ,True,True,True,チルト液晶,322.0,112.0,67.3,41.2,6.0,6,6,3.3,,　,30,24,720,True,　,False,50.0,光学式,,3.0,6.4,False,2017,6,1
30,GR II,59356,1620,100,25600,4.0,300〜1/4000 秒,3.0,123.0,320 ,False,True,False,,251.0,117.0,62.8,34.7,3.0,7,2,2.8,,　,,28,28,False,　,False,30.0,　,,10.0,2.8,False,2015,7,1
31,サイバーショット DSC-RX0,65574,1530,125,2560,16.0,1/4〜1/32000 秒,1.5,23.0,240 ,False,False,False,,110.0,59.0,40.5,29.8,5.0,1,2,4,,　,,24,24,False,10 m,False,50.0,　,,,4,False,2017,10,1
32,サイバーショット DSC-HX90V,41180,1820,80,1280,10.0,1〜1/2000 秒,3.0,92.1,390 ,False,True,False,チルト液晶,245.0,102.0,58.1,35.5,6.0,1,11,3.5,,　,30,24,720,True,　,True,5.0,光学式,,,6.4,False,2015,6,1
33,LUMIX DC-TX2,83800,2010,125,2560,10.0,60〜1/16000 秒,3.0,124.0,370 ,True,True,True,,340.0,111.2,66.4,45.2,5.0,6,10,3.3,,○,15,24,360,False,　,False,50.0,光学式,,3.0,6.4,False,2018,3,1
34,LUMIX DMC-FZ300,41570,1210,100,6400,60.0,60〜1/4000 秒,3.0,104.0,380 ,True,True,True,バリアングル液晶,691.0,131.6,91.5,117.1,6.0,6,12,2.8,,　,24,25,600,False,　,False,30.0,光学式,,1.0,2.8,False,2015,9,1
35,IXY 650,15392,2020,80,3200,7.2,1〜1/2000 秒,3.0,46.1,180 ,False,True,False,,147.0,99.6,58.0,22.8,6.0,4,2,3.6,,　,12,25,300,False,　,False,1.0,光学式,,1.0,7,False,2016,5,1
36,RICOH WG-50,27099,1600,125,6400,,1/4〜1/4000 秒,2.7,23.0,300 ,False,False,False,,193.0,122.5,61.5,29.5,6.0,7,2,3.5,,　,5,28,140,False,14 m,False,50.0,電子式,,10.0,5.5,False,2017,6,1
37,FinePix XP130,19680,1640,100,6400,60.0,1/4〜1/2000 秒,3.0,92.0,240 ,False,True,False,,207.0,109.6,71.0,27.8,6.0,2,2,3.9,,○,5,28,140,False,20 m,False,60.0,CMOSシフト方式,,9.0,4.9,False,2018,2,1
38,IXY 200,10428,2000,100,1600,0.8,1〜1/2000 秒,2.7,23.0,210 ,False,False,False,,126.0,95.2,54.3,22.1,6.0,4,2,3.2,,　,8,28,224,False,　,False,1.0,　,,1.0,6.9,False,2017,2,1
39,IXY 210,13640,2000,100,1600,0.8,1〜1/2000 秒,2.7,23.0,190 ,False,True,False,,137.0,95.3,56.8,23.6,6.0,4,2,3,,　,10,24,240,False,　,False,1.0,光学式,,1.0,6.9,False,2017,2,1
40,LEICA C-LUX,141580,2010,125,2500,10.0,60〜1/16000 秒,3.0,124.0,370 ,True,True,True,,340.0,113.0,67.0,46.0,5.0,8,13,3.3,,○,15,24,360,False,　,False,50.0,光学式,,3.0,6.4,False,2018,7,1
41,サイバーショット DSC-W830,13080,2010,80,3200,0.8,1〜1/1600 秒,2.7,23.0,210 ,False,False,False,,120.0,93.1,52.5,22.5,6.0,1,2,3.3,,　,8,25,200,False,　,False,5.0,光学式,,,6.3,False,2017,10,1
42,PowerShot SX60 HS,38999,1610,100,640,6.4,1〜1/2000 秒,3.0,92.2,340 ,False,True,False,バリアングル液晶,650.0,127.6,92.6,114.3,6.0,4,14,3.4,,　,65,21,1365,False,　,False,0.0,光学式,,0.0,6.5,False,2014,10,1
43,サイバーショット DSC-RX100M4,68015,2010,125,2560,16.0,30〜1/32000 秒,3.0,122.8,280 ,True,True,False,チルト液晶,298.0,101.6,58.1,41.0,5.0,1,16,1.8,,　,3,24,70,True,　,False,5.0,光学式,,,2.8,False,2015,7,1
44,HIGH SPEED EXILIM EX-ZR70,22800,1610,80,2560,30.0,1/4〜1/1000 秒,3.0,92.1,280 ,False,True,False,チルト液晶,202.0,99.6,59.5,25.0,6.0,9,2,3.5,,○,10,25,250,True,　,False,5.0,レンズシフト方式,,5.0,6.5,False,2016,12,1
45,PowerShot G1 X Mark III,98250,2420,100,25600,,1〜1/2000 秒,3.0,104.0,200 ,False,True,True,バリアングル液晶,399.0,115.0,77.9,51.4,3.0,4,15,2.8,,○,3,24,72,True,　,False,10.0,光学式,,10.0,5.6,False,2017,11,1
46,LUMIX DMC-LX9,67000,2010,125,2560,50.0,60〜1/16000 秒,3.0,104.0,260 ,True,True,True,チルト液晶,310.0,105.5,60.0,42.0,5.0,6,2,1.4,,　,3,24,72,True,　,False,30.0,光学式,,3.0,2.8,False,2016,11,1
47,RICOH THETA SC,19800,1200,100,1600,,1/8〜1/8000 秒,,,260 ,False,True,False,,102.0,45.2,130.6,22.9,6.0,7,2,2,,　,,,,False,　,False,10.0,　,,,2,True,2016,10,1
48,PowerShot SX420 IS,17980,2000,100,1600,0.5,1〜1/4000 秒,3.0,23.0,195 ,False,True,False,,325.0,104.4,69.1,85.1,6.0,4,2,3.5,,　,42,24,1008,False,　,False,0.0,光学式,,0.0,6.6,False,2016,2,1
49,HIGH SPEED EXILIM EX-ZR1700,20209,1610,80,2560,30.0,1/4〜1/2000 秒,3.0,92.1,455 ,False,True,False,チルト液晶,242.0,108.3,61.5,33.6,6.0,9,2,3.5,,○,18,25,450,True,　,False,4.0,レンズシフト方式,,4.0,5.9,False,2016,2,1
50,EXILIM EX-ZS260,11800,1610,100,1600,,1/2〜1/2000 秒,3.0,46.0,175 ,False,False,False,,179.0,104.5,61.9,26.4,6.0,9,2,3.1,,　,12,24,288,False,　,False,3.0,レンズシフト方式,,3.0,6.3,False,2018,3,1
51,FinePix XP120,18000,1640,100,6400,60.0,1/4〜1/2000 秒,3.0,92.0,210 ,False,True,False,,203.0,109.6,71.0,27.8,6.0,2,2,3.9,,　,5,28,140,False,20 m,False,60.0,CMOSシフト方式,,9.0,4.9,False,2017,2,1
52,サイバーショット DSC-RX1RM2,284679,4240,100,10240,5.0,30〜1/4000 秒,3.0,122.8,220 ,False,True,False,チルト液晶,507.0,113.3,65.4,72.0,2.0,1,16,2,,　,,35,35,False,　,False,30.0,　,,20.0,2,False,2016,2,1
53,HIGH SPEED EXILIM EX-ZR3100,24980,1210,80,2560,30.0,1/4〜1/1600 秒,3.0,92.1,425 ,False,True,False,チルト液晶,249.0,108.3,61.5,36.7,8.0,9,2,2.8,,○,12,25,300,True,　,False,6.0,レンズシフト方式,,6.0,6.3,False,2016,3,1
54,サイバーショット DSC-RX10M3,107792,2010,100,2560,14.0,30〜1/32000 秒,3.0,122.8,420 ,True,True,False,チルト液晶,1095.0,132.5,94.0,127.4,5.0,1,16,2.4,,　,25,24,600,False,　,False,3.0,光学式,,,4,False,2016,5,1
55,PowerShot SX530 HS,24800,1600,100,3200,10.0,1〜1/2000 秒,3.0,46.1,210 ,False,True,False,,442.0,120.0,81.7,91.9,6.0,4,2,3.4,,　,50,24,1200,False,　,False,0.0,光学式,,0.0,6.5,False,2015,2,1
56,PowerShot SX430 IS,23980,2000,100,1600,0.5,1〜1/4000 秒,3.0,23.0,195 ,False,True,False,,323.0,104.4,69.1,85.1,6.0,4,2,3.5,,　,45,24,1080,False,　,False,0.0,光学式,,0.0,6.8,False,2017,2,1
57,PowerShot G5 X,65800,2020,125,12800,5.9,1〜1/2000 秒,3.0,104.0,210 ,False,True,True,バリアングル液晶,377.0,112.4,76.4,44.2,5.0,4,15,1.8,,　,4,24,100,True,　,False,5.0,光学式,,5.0,2.8,False,2015,10,1
58,HIGH SPEED EXILIM EX-ZR1800,31980,1610,80,2560,30.0,1/4〜1/2000 秒,3.0,92.1,455 ,False,True,False,チルト液晶,242.0,108.3,61.5,33.6,6.0,9,2,3.5,,○,18,25,450,True,　,False,4.0,レンズシフト方式,,4.0,5.9,False,2017,2,1
59,TG-5 工一郎,55000,1200,100,12800,,1/2〜1/2000 秒,3.0,46.0,340 ,True,True,False,,250.0,113.0,66.0,31.9,6.0,5,2,2,,　,4,25,100,False,15 m,True,10.0,CMOSシフト方式,,1.0,4.9,False,2017,10,1
60,サイバーショット DSC-HX60V,26798,2040,80,1280,10.0,1〜1/1600 秒,3.0,92.1,380 ,False,True,False,,272.0,108.1,63.6,38.3,6.0,1,2,3.5,,　,30,24,720,False,　,True,5.0,光学式,,,6.3,False,2014,3,1
61,サイバーショット DSC-RX100M5,84480,2010,125,2560,24.0,30〜1/32000 秒,3.0,122.8,220 ,True,True,False,チルト液晶,299.0,101.6,58.1,41.0,5.0,1,1,1.8,,　,3,24,70,True,　,False,5.0,光学式,,,2.8,False,2016,10,1
62,サイバーショット DSC-HX400V,41838,2040,80,1280,10.0,1〜1/4000 秒,3.0,92.1,380 ,False,True,False,チルト液晶,660.0,129.6,93.2,103.2,6.0,1,17,2.8,,　,50,24,1200,False,　,True,1.0,光学式,,,6.3,False,2014,4,1
63,IXY 180,9780,2000,100,1600,0.8,1〜1/2000 秒,2.7,23.0,220 ,False,False,False,,126.0,95.2,54.3,22.1,6.0,4,2,3.2,,　,8,28,224,False,　,False,1.0,　,,1.0,6.9,False,2016,2,1
64,LUMIX DC-LX100M2,111659,1700,200,10,,60〜1/16000 秒,3.0,124.0,340 ,True,True,True,,392.0,115.0,66.2,64.2,4.0,6,18,1.7,,○,3,24,75,False,　,False,50.0,光学式,,3.0,2.8,False,2018,10,1
65,RICOH THETA V,45413,1200,64,1600,,1/8〜1/25000 秒,,,300 ,True,True,False,,121.0,45.2,130.6,22.9,6.0,7,2,2,,○,,,,False,　,False,10.0,　,,,2,True,2017,9,1
66,RICOH G800,51746,1600,100,2560,,8〜1/1500 秒,3.0,92.0,400 ,False,False,False,,318.0,118.8,71.0,41.0,6.0,7,2,3.5,,　,5,28,140,False,5 m,False,30.0,電子式,,1.0,5.5,False,2014,10,1
67,LUMIX DMC-FZH1,111622,2010,125,2560,,60〜1/16000 秒,3.0,104.0,350 ,True,True,True,バリアングル液晶,966.0,137.6,101.9,134.7,5.0,6,19,2.8,,　,20,24,480,False,　,False,30.0,光学式,,3.0,4.5,False,2016,11,1
68,PowerShot G3 X,68122,2020,125,12800,5.9,1〜1/2000 秒,3.2,162.0,300 ,False,True,True,チルト液晶,733.0,123.3,76.5,105.3,5.0,4,2,2.8,,　,25,24,600,False,　,False,5.0,光学式,,5.0,5.6,False,2015,6,1
69,COOLPIX S6900,16300,1602,125,6400,120.0,1〜1/2000 秒,3.0,46.0,190 ,False,True,True,バリアングル液晶,181.0,99.4,58.0,27.9,6.0,3,2,3.3,,　,12,25,300,True,　,False,50.0,レンズシフト方式,,2.0,6.3,False,2014,10,1
70,HIGH SPEED EXILIM EX-ZR3200,35424,1210,80,2560,30.0,1/4〜1/1600 秒,3.0,92.1,425 ,False,True,False,チルト液晶,249.0,108.3,61.5,36.7,8.0,9,2,2.8,,○,12,25,300,True,　,False,6.0,レンズシフト方式,,6.0,6.3,False,2017,4,1
71,サイバーショット DSC-RX100M2,45969,2020,160,2560,10.0,1〜1/2000 秒,3.0,122.9,350 ,False,True,False,チルト液晶,281.0,101.6,58.1,38.3,5.0,1,2,1.8,,　,4,28,100,False,　,False,5.0,光学式,,,4.9,False,2013,7,1
72,EXILIM EX-FR200,19858,1195,80,3200,30.0,　,3.0,92.1,260 ,True,True,True,,238.0,60.9,154.8,46.2,6.0,9,2,2.8,,○,,13,13,True,1.5 m,False,,　,,,2.8,False,2016,9,1
73,LEICA Q Typ 116,574493,2420,100,50000,10.0,30〜1/16000 秒,3.0,104.0,　,False,True,True,,640.0,130.0,80.0,93.0,2.0,8,20,1.7,,　,,28,28,False,　,False,30.0,光学式,,17.0,1.7,False,,,1
74,EXILIM EX-FR100,21359,1020,64,3200,30.0,　,3.0,92.1,235 ,False,True,True,,214.0,60.9,154.8,38.7,6.0,9,2,2.8,,○,,16,16,True,1.5 m,False,10.0,　,,3.0,2.8,False,2015,12,1
75,COOLPIX B700,50000,2029,100,3200,120.0,1〜1/4000 秒,3.0,92.0,420 ,True,True,False,バリアングル液晶,570.0,125.0,85.0,106.5,6.0,3,22,3.3,,○,60,24,1440,False,　,False,50.0,レンズシフト方式,,1.0,6.5,False,2016,10,1
76,RICOH WG-40W,26700,1600,125,6400,,1/4〜1/4000 秒,2.7,23.0,300 ,False,True,False,,194.0,122.5,61.5,29.5,6.0,7,2,3.5,,　,5,28,140,False,14 m,False,50.0,電子式,,10.0,5.5,False,2015,10,1
77,EXILIM EX-FR100L,27680,1020,64,3200,30.0,　,3.0,92.1,235 ,False,True,True,,214.0,60.9,154.8,38.7,6.0,9,2,2.8,,○,,16,16,True,1.5 m,False,10.0,　,,3.0,2.8,False,2017,3,1
78,PowerShot G1 X Mark II,52980,1310,100,12800,5.2,1〜1/4000 秒,3.0,104.0,240 ,False,True,True,チルト液晶,553.0,116.3,74.0,66.2,9.0,4,2,2,,　,5,24,120,False,　,False,5.0,光学式,,5.0,3.9,False,2014,3,1
79,D-LUX Typ 109,159000,1280,80,2500,40.0,60〜1/16000 秒,3.0,92.1,350 ,True,True,False,,405.0,117.8,66.2,55.0,4.0,8,21,1.7,,　,3,24,75,False,　,False,50.0,光学式,,3.0,2.8,False,2014,11,1
80,EXILIM EX-ZS29,9980,1610,100,1600,,1/2〜1/2000 秒,2.7,23.0,180 ,False,False,False,,133.0,96.3,56.2,20.6,6.0,9,2,3.5,,　,6,26,156,False,　,False,5.0,　,,5.0,6.5,False,2017,3,1
81,COOLPIX A300,14969,2005,80,3200,1.1,1〜1/1500 秒,2.7,23.0,240 ,False,True,False,,119.0,95.9,58.0,20.1,6.0,3,2,3.7,,○,8,25,200,False,　,False,50.0,レンズシフト方式,,2.0,6.6,False,2016,5,1
82,DSC-Pieni,2404,131,1,0,,1/100 秒,,,　,False,False,False,,18.0,51.0,36.0,18.0,10.0,10,23,2.8,,　,,,,False,　,False,30.0,　,,,2.8,False,2016,7,1
83,EXILIM EX-ZS240,11497,1610,100,1600,,1/2〜1/2000 秒,3.0,46.0,175 ,False,False,False,,179.0,104.5,61.9,26.4,6.0,9,2,3.1,,　,12,24,288,False,　,False,3.0,レンズシフト方式,,3.0,6.3,False,2017,1,1
84,RICOH THETA S,26799,1200,100,1600,,1/8〜1/6400 秒,,,260 ,False,True,False,,125.0,44.0,130.0,22.9,6.0,7,2,2,,　,,,,False,　,False,10.0,　,,,2,True,2015,10,1
85,HIGH SPEED EXILIM EX-ZR4100,49848,1210,80,2560,30.0,1/4〜1/1600 秒,3.0,92.1,430 ,False,True,False,チルト液晶,249.0,108.3,61.5,37.7,8.0,9,2,2.7,,○,5,19,95,True,　,False,3.0,レンズシフト方式,,3.0,6.4,False,2017,8,1
86,G'z EYE GZE-1,28100,690,,,,　,,,355 ,False,True,False,,172.0,74.1,75.0,46.4,6.0,9,2,2.8,,　,,13,13,False,50 m,False,,　,,,2.8,False,2017,10,1
87,DSC PRO14,10778,1400,100,800,,1/4〜1/8000 秒,2.7,1.8,　,False,False,False,,150.0,99.0,63.0,28.0,6.0,10,2,2.8,,　,,42,42,False,3 m,False,70.0,　,,13.0,2.8,False,2016,11,1
88,サイバーショット DSC-RX10M2,104664,2020,100,2560,14.0,30〜1/32000 秒,3.0,122.8,400 ,True,True,False,チルト液晶,813.0,129.0,88.1,102.2,5.0,1,16,2.8,,　,8,24,200,False,　,False,3.0,光学式,,,2.8,False,2015,8,1
89,COOLPIX AW130,41800,1605,125,6400,120.0,1〜1/1500 秒,,,370 ,False,True,False,,221.0,110.4,66.0,26.8,6.0,3,2,2.8,,　,5,24,120,False,30 m,True,50.0,レンズシフト方式/電子式,,1.0,4.9,False,2015,3,1
90,EXILIM EX-FR10,16800,1400,,,,　,2.0,23.0,255 ,False,True,True,,175.0,60.9,153.1,34.2,6.0,9,2,2.8,,　,,21,21,True,1 m,False,10.0,　,,,2.8,False,2014,9,1
91,サイバーショット DSC-RX1R,191168,2430,100,10240,5.0,30〜1/4000 秒,3.0,122.9,270 ,False,False,False,,482.0,113.3,65.4,69.6,2.0,1,2,2,,　,,35,35,False,　,False,,　,,20.0,2,False,2013,7,1
92,FUJIFILM X100T,82000,1630,200,5120,6.0,4〜1/32000 秒,3.0,104.0,330 ,False,True,False,,440.0,126.5,74.4,52.4,3.0,2,7,2,,　,,35,35,False,　,False,50.0,　,,10.0,2,False,2014,11,1
93,LUMIX DC-FT7,52854,2040,80,640,10.0,4〜1/16000 秒,3.0,104.0,300 ,True,True,False,,319.0,116.7,76.1,37.3,6.0,6,6,3.3,,　,5,28,128,False,31 m,False,30.0,光学式,,5.0,5.9,False,2018,10,1
94,DSC1480DW,6780,1400,100,800,,1/4〜1/8000 秒,2.7,1.8,　,False,False,False,,150.0,99.0,63.0,28.0,6.0,10,2,2.8,,　,,42,42,False,3 m,False,70.0,　,,13.0,2.8,False,2015,8,1
95,IXY 190,13584,2000,100,1600,0.8,1〜1/2000 秒,2.7,23.0,190 ,False,True,False,,138.0,95.3,56.8,23.6,6.0,4,2,3,,　,10,24,240,False,　,False,1.0,光学式,,1.0,6.9,False,2016,2,1
96,SIGMA dp0 Quattro,84900,2900,100,6400,4.5,30〜1/2000 秒,3.0,92.0,200 ,False,False,False,,500.0,161.4,67.0,126.0,3.0,13,2,4,,　,,21,21,False,　,False,18.0,　,,,4,False,2015,7,1
97,SIGMA dp3 Quattro,84780,2900,100,6400,,30〜1/2000 秒,3.0,92.0,200 ,False,False,False,,465.0,161.4,67.0,101.8,3.0,13,2,2.8,,　,,75,75,False,　,False,6.0,　,,,2.8,False,2015,3,1
98,サイバーショット DSC-RX1,195982,2430,100,10240,5.0,30〜1/4000 秒,3.0,122.9,270 ,False,False,False,,482.0,113.3,65.4,69.6,2.0,1,2,2,,　,,35,35,False,　,False,,　,,,2,False,2012,11,1
99,RICOH THETA m15,15800,,100,1600,,1/7.5〜1/8000 秒,,,200 ,False,True,False,,95.0,42.0,129.0,22.8,14.0,7,2,　,,　,,,,False,　,False,10.0,　,,,　,True,2014,11,1
100,COOLPIX L840,32800,1602,125,6400,120.0,1〜1/1500 秒,3.0,92.0,590 ,False,True,False,チルト液晶,538.0,113.5,78.3,96.0,6.0,3,2,3,,　,38,22.5,855,False,　,False,30.0,レンズシフト方式,,1.0,6.5,False,,,1
101,OMNI shot OCAM-VRW01BK,26908,,32,0,,1/4〜1/8000 秒,,,130 ,True,True,False,,76.0,35.0,97.0,34.8,6.0,11,2,2,,○,,14,14,False,　,False,10.0,　,,,2,True,2017,12,1
102,GR II Premium Kit,111800,1620,100,25600,4.0,300〜1/4000 秒,3.0,123.0,320 ,False,True,False,,251.0,117.0,62.8,34.7,3.0,7,2,2.8,,　,,28,28,False,　,False,30.0,　,,10.0,2.8,False,2015,10,1
103,OLYMPUS STYLUS SH-3,39800,1600,125,6400,60.0,1/4〜1/2000 秒,3.0,46.0,380 ,True,True,True,,271.0,108.8,63.2,42.4,6.0,5,2,3,,　,24,25,600,False,　,False,10.0,CMOSシフト方式,,,6.9,False,2016,2,1
104,PowerShot SX710 HS,28800,2030,80,3200,6.0,1〜1/3200 秒,3.0,92.2,230 ,False,True,False,,269.0,112.7,65.8,34.8,6.0,4,2,3.2,,　,30,25,750,False,　,False,1.0,光学式,,1.0,6.9,False,2015,2,1
105,SIGMA dp2 Quattro,84000,2900,100,6400,4.5,30〜1/2000 秒,3.0,92.0,200 ,False,False,False,,410.0,161.4,67.0,81.6,3.0,13,2,2.8,,　,,45,45,False,　,False,28.0,　,,,2.8,False,2014,6,1
106,HIGH SPEED EXILIM EX-100F,80869,1210,80,2560,60.0,1/2〜1/2000 秒,3.5,92.1,390 ,False,True,False,チルト液晶,390.0,119.9,67.9,50.5,8.0,9,2,2.8,,　,11,28,300,True,　,False,10.0,レンズシフト方式,,5.0,2.8,False,2015,8,1
107,IXY 160,11800,2000,100,1600,0.8,1〜1/2000 秒,2.7,23.0,200 ,False,False,False,,128.0,95.2,54.3,22.1,6.0,4,2,3.2,,　,8,28,224,False,　,False,1.0,光学式,,1.0,6.9,False,2015,7,1
108,JOY500C3,6580,,,,,1/2〜1/2000 秒,,,　,False,False,False,,115.0,98.4,74.3,28.1,13.0,14,2,2.8,,　,,,,False,3 m,False,150.0,　,,,2.8,False,2017,4,1
109,PIXPRO WP1,14785,,,,,　,,,190 ,False,False,False,,130.0,107.1,59.8,28.0,14.0,12,2,　,,　,,,,False,5 m,False,60.0,　,,,　,False,2015,4,1
110,FinePix S8600,25799,1600,100,6400,8.0,1/4〜1/1500 秒,3.0,46.0,250 ,False,False,False,,450.0,121.3,80.8,64.6,6.0,2,2,2.9,,　,36,25,900,False,　,False,40.0,レンズシフト方式,,7.0,6.9,False,2014,2,1
111,HIGH SPEED EXILIM EX-SA10 GSET,42106,1020,,,30.0,　,,,285 ,False,True,False,,111.0,60.9,69.3,38.7,6.0,9,2,2.8,,　,,16,16,False,1.5 m,False,10.0,　,,,2.8,False,2016,6,1
112,PIXPRO FZ152,16740,1615,80,1600,,4〜1/2000 秒,3.0,23.0,210 ,False,False,False,,185.0,108.4,69.9,32.8,6.0,12,2,3.3,,　,15,24,360,False,　,False,60.0,　,,3.0,5.9,False,,,1
113,V-LUX Typ 114,174400,2010,80,2500,50.0,60〜1/4000 秒,3.0,92.1,　,True,True,False,バリアングル液晶,830.0,137.0,98.5,130.7,5.0,8,24,2.8,,　,16,25,400,False,　,False,30.0,　,,3.0,4,False,2014,10,1
114,サイバーショット DSC-W810,12500,2010,100,3200,0.52,1〜1/1500 秒,2.7,23.0,200 ,False,False,False,,127.0,96.8,55.5,20.9,6.0,1,2,3.5,,　,6,26,156,False,　,False,5.0,電子式,,,6.5,False,2014,3,1
115,COOLPIX S2900,15255,2005,80,3200,1.1,1〜1/2000 秒,2.7,23.0,250 ,False,False,False,,119.0,94.5,58.6,19.8,6.0,3,2,3.2,,　,5,26,130,False,　,False,50.0,　,,10.0,6.5,False,2015,2,1
116,OLYMPUS STYLUS SH-2,39980,1600,125,6400,60.0,1/4〜1/2000 秒,3.0,46.0,380 ,False,True,True,,271.0,108.8,63.2,42.4,6.0,5,2,3,,　,24,25,600,False,　,False,10.0,CMOSシフト方式,,,6.9,False,2015,4,1
117,PowerShot G3 X EVF KIT,106165,2020,125,12800,5.9,1〜1/2000 秒,3.2,162.0,300 ,False,True,True,チルト液晶,733.0,123.3,76.5,105.3,5.0,4,2,2.8,,　,25,24,600,False,　,False,5.0,光学式,,5.0,5.6,False,,,1
118,PowerShot G9 X,52614,2020,125,12800,6.0,1〜1/2000 秒,3.0,104.0,220 ,False,True,True,,209.0,98.0,57.9,30.8,5.0,4,2,2,,　,3,28,84,False,　,False,5.0,光学式,,5.0,4.9,False,2015,10,1
119,SIGMA dp1 Quattro,74100,2900,100,6400,,30〜1/2000 秒,3.0,92.0,200 ,False,False,False,,425.0,161.4,67.0,87.1,3.0,13,2,2.8,,　,,28,28,False,　,False,20.0,　,,,2.8,False,2014,10,1
120,COOLPIX S9400,21660,1811,125,320,7.5,1〜1/1500 秒,,,230 ,False,False,False,,200.0,110.1,60.3,30.7,6.0,3,2,3.4,,　,18,25,450,False,　,False,50.0,レンズシフト方式/電子式,,1.0,6.3,False,2013,2,1
121,EXILIM EX-ZS28,10200,1610,100,1600,,1/2〜1/2000 秒,2.7,23.0,180 ,False,False,False,,133.0,96.3,56.2,20.6,6.0,9,2,3.5,,　,6,26,156,False,　,False,5.0,　,,5.0,6.5,False,2016,2,1
122,HIGH SPEED EXILIM EX-ZR1000,28000,1610,80,2560,30.0,1/4〜1/2000 秒,3.0,46.0,470 ,False,False,False,チルト液晶,255.0,107.5,61.5,36.7,6.0,9,2,3,,　,12,24,300,True,　,False,5.0,CMOSシフト方式,,1.0,5.9,False,2012,11,1
123,サイバーショット DSC-QX100,56800,2020,160,25600,,1〜1/2000 秒,,,220 ,False,True,False,,179.0,62.5,62.5,55.5,5.0,1,2,1.8,,　,4,28,100,False,　,False,5.0,光学式,,,4.9,False,2013,10,1
124,サイバーショット DSC-RX10,98200,2020,125,2560,10.0,1〜1/3200 秒,3.0,122.9,420 ,False,True,False,チルト液晶,813.0,129.0,88.1,102.2,5.0,1,4,2.8,,　,8,26,220,False,　,False,3.0,光学式,,,2.8,False,2013,11,1
125,EXILIM EX-FR200CA,43056,1195,,,,　,,,　,False,True,False,,100.0,60.9,60.9,40.7,6.0,9,2,2.8,,○,,13,13,False,1.5 m,False,,　,,,2.8,False,2016,9,1
126,GH-TCAM30PG,2354,,,,,　,,,311 ,False,False,False,,24.0,60.0,43.0,30.0,11.0,16,2,　,,　,,,,False,　,False,100.0,　,,,　,False,2011,8,1
127,HIGH SPEED EXILIM EX-ZR1100,30000,1610,80,2560,30.0,1/4〜1/2000 秒,3.0,92.1,470 ,False,False,False,チルト液晶,256.0,107.5,61.5,36.7,6.0,9,2,3,,　,12,24,300,True,　,False,5.0,CMOSシフト方式,,1.0,5.9,False,2013,9,1
128,t1235,15984,,,,,　,,,　,False,False,False,,,,,,14.0,19,2,　,,　,,,,False,　,False,,　,,,　,False,2010,3,1
129,TLC200,16780,,,,,　,,,　,False,False,False,,120.0,64.0,106.0,46.0,14.0,15,2,2.8,,　,,36,36,False,　,False,75.0,　,,,2.8,False,2015,2,1
130,サイバーショット DSC-QX10,26000,1820,100,12800,,1〜1/1600 秒,,,220 ,False,True,False,,105.0,62.4,61.8,33.3,6.0,1,2,3.3,,　,10,25,250,False,　,False,5.0,光学式,,,5.9,False,2013,10,1
131,BCC100,30780,,,,,　,,,　,False,False,False,,120.0,64.0,106.0,46.0,14.0,15,2,1.2,,　,,18,18,False,　,False,30.0,　,,,1.2,False,,,1
132,COOLPIX S3500,21932,2005,80,320,1.1,1〜1/2000 秒,2.7,23.0,220 ,False,False,False,,129.0,96.8,57.8,20.5,6.0,3,2,3.4,,　,7,26,182,False,　,False,50.0,レンズシフト方式,,5.0,6.4,False,2013,3,1
133,DSC Pieni Cheese,3080,131,1,0,,1/100 秒,,,　,False,False,False,,16.0,46.0,30.0,24.0,10.0,10,23,2.8,,　,,,,False,　,False,30.0,　,,,2.8,False,2017,12,1
134,Gear 360(2017) SM-R210NZWAXJP,32269,,,,,　,,,　,True,True,False,,130.0,46.3,100.6,45.1,12.0,18,2,2.2,,　,,,,False,　,False,,　,,,2.2,True,2017,6,1
135,HIGH SPEED EXILIM EX-ZR1750,31440,1610,80,2560,30.0,1/4〜1/2000 秒,3.0,92.1,455 ,False,True,False,チルト液晶,242.0,108.3,61.5,33.6,6.0,9,2,3.5,,○,18,25,450,True,　,False,4.0,レンズシフト方式,,4.0,5.9,False,2016,2,1
136,i.mega HDC-1471,18360,1400,100,3200,,1〜1/2000 秒,3.0,46.0,180 ,False,False,False,,134.0,97.5,57.0,19.7,6.0,17,2,3,,　,7,28,196,False,　,False,60.0,イメージセンサーシフト方式,,20.0,5.9,False,,,1
137,PowerShot SX610 HS,24800,2020,80,3200,7.2,1〜1/2000 秒,3.0,92.2,270 ,False,True,False,,191.0,105.3,61.0,26.7,6.0,4,2,3.8,,　,18,25,450,False,　,False,5.0,光学式,,5.0,6.9,False,2015,2,1
138,SIGMA dp1 Quattro LCDビューファインダーキット,95870,2900,100,6400,4.5,30〜1/2000 秒,3.0,92.0,200 ,False,False,False,,425.0,161.4,67.0,87.1,3.0,13,25,2.8,,　,,28,28,False,　,False,20.0,　,,,2.8,False,2016,3,1
139,SIGMA dp2 Quattro LCDビューファインダーキット,94990,2900,100,6400,4.5,30〜1/2000 秒,3.0,92.0,200 ,False,False,False,,410.0,161.4,67.0,81.6,3.0,13,25,2.8,,　,,45,45,False,　,False,28.0,　,,,2.8,False,2016,3,1
140,SIGMA dp3 Quattro LCDビューファインダーキット,93220,2900,100,6400,4.5,30〜1/2000 秒,3.0,92.0,200 ,False,False,False,,465.0,161.4,67.0,101.8,3.0,13,25,2.8,,　,,75,75,False,　,False,6.0,　,,,2.8,False,2016,3,1
141,TLC120,36293,,,,,　,,,　,False,True,False,,101.0,60.0,60.0,33.5,14.0,15,2,2,,○,,19,19,False,　,False,40.0,　,,,2,False,,,1
142,EOS Kiss M ダブルズームキット,82016,2410,,5120,10.0,1/4000〜30 秒,3.0,104.0,235,True,True,True,バリアングル液晶,354.0,116.3,88.1,58.7,3.0,4,26,,235,Bluetooth 4.1,,,,True,　,False,,　,False,,,False,2018,3,2
143,α7 III ILCE-7M3 ボディ,219800,2420,,20480,10.0,1/8000〜30 秒,3.0,92.1,710,True,True,True,チルト可動式液晶,565.0,126.9,95.6,73.7,2.0,1,27,,610,Bluetooth 4.1,,,,False,○,False,,○,True,,,False,2018,3,2
144,LUMIX DC-GF9W ダブルレンズキット,51751,1600,,10,10.0,1/16000〜60 秒,3.0,104.0,210,True,True,True,チルト式,239.0,106.5,64.6,33.3,4.0,6,2,,,　,,,,True,　,False,,　,False,,,False,2017,1,2
145,LUMIX DC-G9 ボディ,130489,2033,,10,60.0,1/32000〜60 秒,3.0,104.0,380,True,True,True,フリーアングル,586.0,136.9,97.3,91.6,4.0,6,29,,360,Bluetooth 4.2,,,,True,○,False,,○,True,,,False,2018,1,2
146,EOS R ボディ,230850,3030,,10240,8.0,1/8000〜30 秒,,,370,True,True,True,バリアングル液晶,580.0,135.8,98.3,84.4,2.0,4,28,,350,Bluetooth 4.1,,,,True,○,False,,　,False,,,False,2018,10,2
147,α6000 ILCE-6000Y ダブルズームレンズキット,69818,2430,,,11.0,1/4000〜30 秒,3.0,92.1,360,False,True,False,チルト可動式液晶,285.0,120.0,66.9,45.1,3.0,1,31,,310,　,,,,False,　,False,,　,False,,,False,2014,3,2
148,LUMIX DC-G9L 標準ズームライカDGレンズキット,193338,2033,,10,60.0,1/32000〜60 秒,3.0,104.0,380,True,True,True,フリーアングル,586.0,136.9,97.3,91.6,4.0,6,29,,360,Bluetooth 4.2,,,,True,○,False,,○,True,,,False,2018,1,2
149,FUJIFILM X-T3 ボディ,175374,2610,,5120,30.0,1/32000〜900 秒,3.0,104.0,390,True,True,True,チルト式液晶,489.0,132.5,92.8,58.8,3.0,2,30,,370,Bluetooth 4.2,,,,False,○,False,,　,False,,,False,2018,9,2
150,α7 III ILCE-7M3K ズームレンズキット,242784,2420,,20480,10.0,1/8000〜30 秒,3.0,92.1,710,True,True,True,チルト可動式液晶,565.0,126.9,95.6,73.7,2.0,1,27,,610,Bluetooth 4.1,,,,False,○,False,,○,True,,,False,2018,3,2
151,α7R III ILCE-7RM3 ボディ,294774,4240,,10240,10.0,1/8000〜30 秒,3.0,144.0,650,True,True,True,チルト可動式液晶,572.0,126.9,95.6,73.7,2.0,1,32,,530,　,,,,False,○,False,,○,True,,,False,2017,11,2
152,OM-D E-M10 Mark II EZダブルズームキット,58800,1605,,2560,8.5,1/16000〜60 秒,3.0,104.0,320,False,True,True,可動式液晶,351.0,119.5,83.1,46.7,4.0,5,33,,,　,,,,False,　,False,,○,True,,,False,2015,9,2
153,α7 II ILCE-7M2K ズームレンズキット,123564,2430,,5120,5.0,1/8000〜30 秒,3.0,122.8,350,False,True,False,チルト可動式液晶,556.0,126.9,95.7,59.7,2.0,1,27,,270,　,,,,False,○,False,,○,True,,,False,2015,3,2
154,EOS Kiss M ボディ,57380,2410,,5120,10.0,1/4000〜30 秒,3.0,104.0,235,True,True,True,バリアングル液晶,354.0,116.3,88.1,58.7,3.0,4,26,,235,Bluetooth 4.1,,,,True,　,False,,　,False,,,False,2018,3,2
155,EOS Kiss M ダブルレンズキット,80280,2410,,5120,10.0,1/4000〜30 秒,3.0,104.0,235,True,True,True,バリアングル液晶,354.0,116.3,88.1,58.7,3.0,4,26,,235,Bluetooth 4.1,,,,True,　,False,,　,False,,,False,2018,3,2
156,LUMIX DMC-G8M 標準ズームレンズキット,81800,1600,,10,40.0,1/16000～60 秒,3.0,104.0,330,True,True,True,フリーアングル,453.0,128.4,89.0,74.3,4.0,6,29,,320,　,,,,True,○,False,,○,True,,,False,2016,10,2
157,OM-D E-M10 Mark III EZダブルズームキット,73970,1605,,2560,8.6,1/16000〜60 秒,3.0,104.0,330,True,True,True,可動式液晶,362.0,121.5,83.6,49.5,4.0,5,33,,,　,,,,False,　,False,,○,True,,,False,2017,9,2
158,FUJIFILM X-T100 ダブルズームレンズキット,73097,2424,,5120,6.0,1/32000〜30 秒,3.0,104.0,430,True,True,True,チルト式液晶,399.0,121.0,83.0,47.4,3.0,2,30,,,Bluetooth 4.1,,,,True,　,False,,　,False,,,False,2018,6,2
159,LUMIX DMC-GX7MK2K 標準ズームレンズキット,44799,1600,,10,40.0,1/16000〜60 秒,3.0,104.0,290,True,True,True,チルト式,383.0,122.0,70.6,43.9,4.0,6,34,,270,　,,,,False,　,False,,○,True,,,False,2016,5,2
160,FUJIFILM X-H1 ボディ,194800,2430,,5120,14.0,1/32000〜900 秒,3.0,104.0,310,True,True,True,チルト式液晶,623.0,139.8,97.3,85.5,3.0,2,30,,,Bluetooth 4.0,,,,False,○,False,,○,True,,,False,2018,3,2
161,α6500 ILCE-6500 ボディ,105379,2420,,5120,11.0,1/4000〜30 秒,3.0,92.1,350,True,True,True,チルト可動式液晶,410.0,120.0,66.9,53.3,3.0,1,27,,310,Bluetooth 4.1,,,,False,○,False,,○,True,,,False,2016,12,2
162,FUJIFILM X-T2 ボディ,108894,2430,,5120,14.0,1/32000〜30 秒,3.0,104.0,340,True,True,False,チルト式液晶,457.0,132.5,91.8,49.2,3.0,2,30,,330,　,,,,False,○,False,,　,False,,,False,2016,9,2
163,α7 II ILCE-7M2 ボディ,110741,2430,,5120,5.0,1/8000〜30 秒,3.0,122.8,350,False,True,False,チルト可動式液晶,556.0,126.9,95.7,59.7,2.0,1,27,,270,　,,,,False,○,False,,○,True,,,False,2014,12,2
164,FUJIFILM X-T20 レンズキット,100262,2430,,5120,14.0,1/32000〜30 秒,3.0,104.0,350,True,True,True,チルト式液晶,333.0,118.4,82.8,41.4,3.0,2,30,,,　,,,,False,　,False,,　,False,,,False,2017,2,2
165,α6000 ILCE-6000L パワーズームレンズキット,55000,2430,,,11.0,1/4000〜30 秒,3.0,92.1,360,False,True,False,チルト可動式液晶,285.0,120.0,66.9,45.1,3.0,1,31,,310,　,,,,False,　,False,,　,False,,,False,2014,3,2
166,Z 7 ボディ,393650,4575,,102400,5.5,1/8000〜30 秒,3.2,210.0,400,True,True,True,チルト式液晶,585.0,134.0,100.5,67.5,2.0,3,36,,330,Bluetooth 4.2,,,,False,○,False,,○,True,,,False,2018,9,2
167,OLYMPUS PEN E-PL8 EZダブルズームキット,56285,1605,,2560,8.5,1/4000〜60 秒,3.0,104.0,350,False,True,True,可動式液晶,326.0,117.1,68.3,38.4,4.0,5,2,,,　,,,,True,　,False,,○,False,,,False,2016,11,2
168,α6300 ILCE-6300L パワーズームレンズキット,79317,2420,,5120,11.0,1/4000〜30 秒,3.0,92.1,400,True,True,False,チルト可動式液晶,361.0,120.0,66.9,48.8,3.0,1,27,,350,　,,,,False,○,False,,　,False,,,False,2016,3,2
169,FUJIFILM X-Pro2 ボディ,134571,2430,,5120,8.0,1/32000〜30 秒,3.0,162.0,280,False,True,False,　,445.0,140.5,82.8,45.9,3.0,2,35,,250,　,,,,False,○,False,,　,False,,,False,2016,3,2
170,OLYMPUS PEN E-PL9 EZダブルズームキット,68099,1605,,2560,14.1,1/16000〜60 秒,3.0,104.0,350,True,True,True,可動式液晶,332.0,117.1,68.0,39.0,4.0,5,2,,,Bluetooth 4.0,,,,True,　,False,,○,False,,,False,2018,3,2
171,α7R II ILCE-7RM2 ボディ,195800,4240,,10240,5.0,1/8000〜30 秒,3.0,122.8,340,True,True,False,チルト可動式液晶,582.0,126.9,95.7,60.3,2.0,1,27,,290,　,,,,False,○,False,,○,True,,,False,2015,8,2
172,α9 ILCE-9 ボディ,352146,2420,,20480,20.0,1/32000〜30 秒,3.0,144.0,650,True,True,True,チルト可動式液晶,588.0,126.9,95.6,63.0,2.0,1,32,,480,Bluetooth 4.1,,,,False,○,False,,○,True,,,False,2017,5,2
173,EOS M100 ダブルズームキット,58580,2420,,,6.1,1/4000〜30 秒,3.0,104.0,295,False,True,True,チルト式液晶,266.0,108.2,67.1,35.1,3.0,4,2,,,Bluetooth 4.1,,,,True,　,False,,　,False,,,False,2017,10,2
174,EOS Kiss M EF-M15-45 IS STM レンズキット,69799,2410,,5120,10.0,1/4000〜30 秒,3.0,104.0,235,True,True,True,バリアングル液晶,354.0,116.3,88.1,58.7,3.0,4,26,,235,Bluetooth 4.1,,,,True,　,False,,　,False,,,False,2018,3,2
175,α5100 ILCE-5100L パワーズームレンズキット,54000,2430,,,6.0,1/4000〜30 秒,3.0,92.1,400,False,True,True,チルト可動式液晶,224.0,109.6,62.8,35.7,3.0,1,2,,,　,,,,True,　,False,,　,False,,,False,2014,9,2
176,EOS Kiss M EF-M18-150 IS STM レンズキット,92920,2410,,5120,10.0,1/4000〜30 秒,3.0,104.0,235,True,True,True,バリアングル液晶,354.0,116.3,88.1,58.7,3.0,4,26,,235,Bluetooth 4.1,,,,True,　,False,,　,False,,,False,2018,3,2
177,LUMIX DC-GX7MK3 ボディ,83520,2030,,10,9.0,1/16000〜60 秒,3.0,124.0,260,True,True,True,チルト式,407.0,124.0,72.1,46.8,4.0,6,34,,250,Bluetooth 4.2,,,,False,　,False,,○,True,,,False,2018,3,2
178,LUMIX DC-GX7MK3K 標準ズームレンズキット,94273,2030,,10,9.0,1/16000〜60 秒,3.0,124.0,260,True,True,True,チルト式,407.0,124.0,72.1,46.8,4.0,6,34,,250,Bluetooth 4.2,,,,False,　,False,,○,True,,,False,2018,3,2
179,α6300 ILCE-6300 ボディ,71109,2420,,5120,11.0,1/4000〜30 秒,3.0,92.1,400,True,True,False,チルト可動式液晶,361.0,120.0,66.9,48.8,3.0,1,27,,350,　,,,,False,○,False,,　,False,,,False,2016,3,2
180,FUJIFILM X-E3 レンズキット,105968,2430,,5120,14.0,1/32000〜900 秒,3.0,104.0,350,True,True,True,　,287.0,121.3,73.9,42.7,3.0,2,30,,350,Bluetooth 4.0,,,,False,　,False,,　,False,,,False,2017,9,2
181,EOS M100 ダブルレンズキット,55800,2420,,,6.1,1/4000〜30 秒,3.0,104.0,295,False,True,True,チルト式液晶,266.0,108.2,67.1,35.1,3.0,4,2,,,Bluetooth 4.1,,,,True,　,False,,　,False,,,False,2017,10,2
182,LUMIX DMC-GX7MK2WK ダブルズームキット,58680,1600,,10,40.0,1/16000〜60 秒,3.0,104.0,290,True,True,True,チルト式,383.0,122.0,70.6,43.9,4.0,6,34,,270,　,,,,False,　,False,,○,True,,,False,2018,4,2
183,OM-D E-M1 Mark II 12-40mm F2.8 PROキット,201510,2037,,2560,60.0,1/32000〜60 秒,3.0,104.0,440,True,True,True,2軸可動式液晶,498.0,134.1,90.9,68.9,4.0,5,37,,,　,,,,True,○,False,,○,True,,,False,2018,6,2
184,OLYMPUS OM-D E-M5 Mark II 14-150mm II レンズキット,91030,1605,,2560,10.0,1/8000〜60 秒,3.0,104.0,310,False,True,True,バリアングル液晶,417.0,123.7,85.0,44.5,4.0,5,37,,,　,,,,True,○,False,,○,True,,,False,2015,2,2
185,FUJIFILM X-A5 レンズキット,51186,2424,,5120,6.0,1/32000〜30 秒,3.0,104.0,450,True,True,True,チルト式液晶,311.0,116.9,66.7,40.4,3.0,2,2,,,Bluetooth 4.1,,,,True,　,False,,　,False,,,False,2018,2,2
186,FUJIFILM X-T2 レンズキット,143799,2430,,5120,14.0,1/32000〜30 秒,3.0,104.0,340,True,True,False,チルト式液晶,457.0,132.5,91.8,49.2,3.0,2,30,,330,　,,,,False,○,False,,　,False,,,False,2016,9,2
187,OM-D E-M1 Mark II ボディ,171800,2037,,2560,60.0,1/32000～60 秒,3.0,104.0,440,True,True,True,2軸可動式液晶,498.0,134.1,90.9,68.9,4.0,5,37,,,　,,,,True,○,False,,○,True,,,False,2016,12,2
188,OLYMPUS OM-D E-M5 Mark II 12-40mm F2.8 レンズキット,115799,1605,,2560,10.0,1/8000〜60 秒,3.0,104.0,310,False,True,True,バリアングル液晶,417.0,123.7,85.0,44.5,4.0,5,37,,,　,,,,True,○,False,,○,True,,,False,2016,7,2
189,Z 7 24-70+FTZ マウントアダプターキット,481140,4575,,102400,5.5,1/8000〜30 秒,3.2,210.0,400,True,True,True,チルト式液晶,585.0,134.0,100.5,67.5,2.0,3,36,,330,Bluetooth 4.2,,,,False,○,False,,○,True,,,False,2018,9,2
190,EOS M100 EF-M15-45 IS STM レンズキット,50800,2420,,,6.1,1/4000〜30 秒,3.0,104.0,295,False,True,True,チルト式液晶,266.0,108.2,67.1,35.1,3.0,4,2,,,Bluetooth 4.1,,,,True,　,False,,　,False,,,False,2017,10,2
191,LUMIX DC-GX7MK3L 単焦点ライカDGレンズキット,110962,2030,,10,9.0,1/16000〜60 秒,3.0,124.0,260,True,True,True,チルト式,407.0,124.0,72.1,46.8,4.0,6,34,,250,Bluetooth 4.2,,,,False,　,False,,○,True,,,False,2018,3,2
192,α6500 ILCE-6500M 高倍率ズームレンズキット,143448,2420,,5120,11.0,1/4000〜30 秒,3.0,92.1,350,True,True,True,チルト可動式液晶,410.0,120.0,66.9,53.3,3.0,1,27,,310,Bluetooth 4.1,,,,False,○,False,,○,True,,,False,2018,4,2
193,FUJIFILM X-T20 ボディ,71512,2430,,5120,14.0,1/32000〜30 秒,3.0,104.0,350,True,True,True,チルト式液晶,333.0,118.4,82.8,41.4,3.0,2,30,,,　,,,,False,　,False,,　,False,,,False,2017,2,2
194,LUMIX DC-GF10W ダブルレンズキット,68691,1600,,10,10.0,1/16000〜60 秒,3.0,104.0,210,True,True,True,チルト式,240.0,106.5,64.6,33.3,4.0,6,2,,,　,,,,True,　,False,,　,False,,,False,2018,2,2
195,LUMIX DC-GH5 ボディ,179575,2033,,10,12.0,1/16000〜60 秒,3.2,162.0,410,True,True,True,フリーアングル,645.0,138.5,98.1,87.4,4.0,6,29,,400,Bluetooth 4.2,,,,True,○,False,,○,True,,,False,2017,3,2
196,Z 6 ボディ,245430,2450,,204800,5.5,1/8000〜30 秒,3.2,210.0,380,True,True,True,チルト式液晶,585.0,134.0,100.5,67.5,2.0,3,36,,310,Bluetooth 4.2,,,,False,○,False,,○,True,,,False,2018,11,2
197,FUJIFILM X-E3 ボディ,74679,2430,,5120,14.0,1/32000〜900 秒,3.0,104.0,350,True,True,True,　,287.0,121.3,73.9,42.7,3.0,2,30,,350,Bluetooth 4.0,,,,False,　,False,,　,False,,,False,2017,9,2
198,FUJIFILM X-T3 レンズキット,224780,2610,,5120,30.0,1/32000〜900 秒,3.0,104.0,390,True,True,True,チルト式液晶,489.0,132.5,92.8,58.8,3.0,2,30,,370,Bluetooth 4.2,,,,False,○,False,,　,False,,,False,2018,9,2
199,OLYMPUS PEN E-PL9 14-42mm EZレンズキット,66211,1605,,2560,14.1,1/16000〜60 秒,3.0,104.0,350,True,True,True,可動式液晶,332.0,117.1,68.0,39.0,4.0,5,2,,,Bluetooth 4.0,,,,True,　,False,,○,False,,,False,2018,3,2
200,OLYMPUS PEN-F ボディ,107703,2030,,2560,10.0,1/16000〜60 秒,3.0,104.0,330,False,True,True,バリアングル液晶,373.0,124.8,72.1,37.3,4.0,5,33,,,　,,,,True,　,False,,○,True,,,False,2016,2,2
201,α6300 ILCE-6300M 高倍率ズームレンズキット,107785,2420,,5120,11.0,1/4000〜30 秒,3.0,92.1,400,True,True,False,チルト可動式液晶,361.0,120.0,66.9,48.8,3.0,1,27,,350,　,,,,False,○,False,,　,False,,,False,2018,4,2
202,EOS M6 ダブルズームキット,67907,2420,,,9.0,1/4000〜30 秒,3.0,104.0,295,False,True,True,チルト式液晶,343.0,112.0,68.0,44.5,3.0,4,2,,,Bluetooth 4.1,,,,True,　,False,,　,False,,,False,2017,4,2
203,Z 6 24-70+FTZ マウントアダプターキット,332910,2450,,204800,5.5,1/8000〜30 秒,3.2,210.0,380,True,True,True,チルト式液晶,585.0,134.0,100.5,67.5,2.0,3,36,,310,Bluetooth 4.2,,,,False,○,False,,○,True,,,False,2018,11,2
204,α5100 ILCE-5100Y ダブルズームレンズキット,66800,2430,,,6.0,1/4000〜30 秒,3.0,92.1,400,False,True,True,チルト可動式液晶,224.0,109.6,62.8,35.7,3.0,1,2,,,　,,,,True,　,False,,　,False,,,False,2014,9,2
205,OLYMPUS PEN E-PL8 14-42mm EZレンズキット,50380,1605,,2560,8.5,1/4000〜60 秒,3.0,104.0,350,False,True,True,可動式液晶,326.0,117.1,68.3,38.4,4.0,5,2,,,　,,,,True,　,False,,○,False,,,False,2016,11,2
206,OLYMPUS PEN E-PL9 ボディ,58980,1605,,2560,14.1,1/16000〜60 秒,3.0,104.0,350,True,True,True,可動式液晶,332.0,117.1,68.0,39.0,4.0,5,2,,,Bluetooth 4.0,,,,True,　,False,,○,False,,,False,2018,3,2
207,α6000 ILCE-6000 ボディ,47161,2430,,,11.0,1/4000〜30 秒,3.0,92.1,360,False,True,False,チルト可動式液晶,285.0,120.0,66.9,45.1,3.0,1,31,,310,　,,,,False,　,False,,　,False,,,False,2014,3,2
208,OLYMPUS PEN-F 12mm F2.0レンズキット,142685,2030,,2560,10.0,1/16000〜60 秒,3.0,104.0,330,False,True,True,バリアングル液晶,373.0,124.8,72.1,37.3,4.0,5,33,,,　,,,,True,　,False,,○,True,,,False,2016,2,2
209,FUJIFILM X-T100 レンズキット,67879,2424,,5120,6.0,1/32000〜30 秒,3.0,104.0,430,True,True,True,チルト式液晶,399.0,121.0,83.0,47.4,3.0,2,30,,,Bluetooth 4.1,,,,True,　,False,,　,False,,,False,2018,6,2
210,EOS M5 EF-M18-150 IS STM レンズキット,97800,2420,,,9.0,1/4000〜30 秒,3.2,162.0,295,False,True,True,チルト式液晶,380.0,115.6,89.2,60.6,3.0,4,26,,295,Bluetooth 4.1,,,,True,　,False,,　,False,,,False,2016,11,2
211,OM-D E-M10 Mark III ボディ,63791,1605,,2560,8.6,1/16000〜60 秒,3.0,104.0,330,True,True,True,可動式液晶,362.0,121.5,83.6,49.5,4.0,5,33,,,　,,,,False,　,False,,○,True,,,False,2017,9,2
212,LUMIX DMC-G8 ボディ,76465,1600,,10,40.0,1/16000～60 秒,3.0,104.0,330,True,True,True,フリーアングル,453.0,128.4,89.0,74.3,4.0,6,29,,320,　,,,,True,○,False,,○,True,,,False,2016,10,2
213,LUMIX DC-GH5S ボディ,248800,1028,,20480,12.0,1/16000〜60 秒,3.2,162.0,440,True,True,True,フリーアングル,580.0,138.5,98.1,87.4,4.0,6,29,,410,Bluetooth 4.2,,,,True,○,False,,　,False,,,False,2018,1,2
214,FUJIFILM X-T100 ボディ,51590,2424,,5120,6.0,1/32000〜30 秒,3.0,104.0,430,True,True,True,チルト式液晶,399.0,121.0,83.0,47.4,3.0,2,30,,,Bluetooth 4.1,,,,True,　,False,,　,False,,,False,2018,6,2
215,OLYMPUS OM-D E-M5 Mark II ボディ,69307,1605,,2560,10.0,1/8000〜60 秒,3.0,104.0,310,False,True,True,バリアングル液晶,417.0,123.7,85.0,44.5,4.0,5,37,,,　,,,,True,○,False,,○,True,,,False,2015,2,2
216,EOS M100 ボディ,39776,2420,,,6.1,1/4000〜30 秒,3.0,104.0,295,False,True,True,チルト式液晶,266.0,108.2,67.1,35.1,3.0,4,2,,,Bluetooth 4.1,,,,True,　,False,,　,False,,,False,2017,10,2
217,Nikon 1 J5 標準パワーズームレンズキット,42000,2081,,,60.0,1/16000〜30 秒,3.0,104.0,250,True,True,True,チルト式液晶,231.0,98.3,59.7,31.5,5.0,3,2,,,　,,,,True,　,False,,　,False,,,False,2015,4,2
218,LUMIX DMC-GX8 ボディ,71064,2030,,10,40.0,1/16000〜60 秒,3.0,104.0,330,True,True,True,フリーアングル,435.0,133.2,77.9,63.1,4.0,6,29,,310,　,,,,False,○,False,,○,False,,,False,2015,8,2
219,α7R ILCE-7R ボディ,88172,3640,,5120,4.0,1/8000〜30 秒,3.0,92.1,340,False,True,False,チルト可動式液晶,407.0,126.9,94.4,48.2,2.0,1,27,,270,　,,,,False,○,False,,　,False,,,False,2013,11,2
220,α7S II ILCE-7SM2 ボディ,226739,1220,,40960,5.0,1/8000〜30 秒,3.0,122.8,370,True,True,False,チルト可動式液晶,584.0,126.9,95.7,60.3,2.0,1,27,,310,　,,,,False,○,False,,○,True,,,False,2015,10,2
221,FUJIFILM X-T2 Graphite Silver Edition,163350,2430,,5120,14.0,1/32000〜30 秒,3.0,104.0,340,True,True,False,チルト式液晶,457.0,132.5,91.8,49.2,3.0,2,30,,330,　,,,,False,○,False,,　,False,,,False,2017,2,2
222,OM-D E-M10 Mark II 14-42mm EZレンズキット,59000,1605,,2560,8.5,1/16000〜60 秒,3.0,104.0,320,False,True,True,可動式液晶,351.0,119.5,83.1,46.7,4.0,5,33,,,　,,,,False,　,False,,○,True,,,False,2015,9,2
223,FUJIFILM X-E3 単焦点レンズキット,110590,2430,,5120,14.0,1/32000〜900 秒,3.0,104.0,350,True,True,True,　,287.0,121.3,73.9,42.7,3.0,2,30,,350,Bluetooth 4.0,,,,False,　,False,,　,False,,,False,2017,11,2
224,Z 7 24-70 レンズキット,461700,4575,,102400,5.5,1/8000〜30 秒,3.2,210.0,400,True,True,True,チルト式液晶,585.0,134.0,100.5,67.5,2.0,3,36,,330,Bluetooth 4.2,,,,False,○,False,,○,True,,,False,2018,9,2
225,Z 7 FTZ マウントアダプターキット,413100,4575,,102400,5.5,1/8000〜30 秒,3.2,210.0,400,True,True,True,チルト式液晶,585.0,134.0,100.5,67.5,2.0,3,36,,330,Bluetooth 4.2,,,,False,○,False,,○,True,,,False,2018,9,2
226,FUJIFILM X-A3 レンズキット,45258,2420,,2560,6.0,1/32000〜30 秒,3.0,104.0,410,False,True,True,チルト式液晶,290.0,116.9,66.9,40.4,3.0,2,2,,,　,,,,True,　,False,,　,False,,,False,2016,11,2
227,LUMIX DC-GH5M 標準ズームレンズキット,212095,2033,,10,12.0,1/16000〜60 秒,3.2,162.0,410,True,True,True,フリーアングル,645.0,138.5,98.1,87.4,4.0,6,29,,400,Bluetooth 4.2,,,,True,○,False,,○,True,,,False,2017,3,2
228,LUMIX DMC-GX7MK2 ボディ,48859,1600,,10,40.0,1/16000〜60 秒,3.0,104.0,　,True,True,True,チルト式,383.0,122.0,70.6,43.9,4.0,6,34,,,　,,,,False,　,False,,○,True,,,False,2016,5,2
229,EOS M10 ダブルズームキット,48800,1800,,2560,4.6,1/4000〜30 秒,3.0,104.0,255,False,True,True,チルト式液晶,265.0,108.0,66.6,35.0,3.0,4,2,,,　,,,,True,　,False,,　,False,,,False,2015,10,2
230,Z 6 24-70 レンズキット,313470,2450,,204800,5.5,1/8000〜30 秒,3.2,210.0,380,True,True,True,チルト式液晶,585.0,134.0,100.5,67.5,2.0,3,36,,310,Bluetooth 4.2,,,,False,○,False,,○,True,,,False,2018,11,2
231,EOS M6 ボディ,57800,2420,,,9.0,1/4000〜30 秒,3.0,104.0,295,False,True,True,チルト式液晶,343.0,112.0,68.0,44.5,3.0,4,2,,,Bluetooth 4.1,,,,True,　,False,,　,False,,,False,2017,4,2
232,Z 6 FTZ マウントアダプターキット,264870,2450,,204800,5.5,1/8000〜30 秒,3.2,210.0,380,True,True,True,チルト式液晶,585.0,134.0,100.5,67.5,2.0,3,36,,310,Bluetooth 4.2,,,,False,○,False,,○,True,,,False,2018,11,2
233,α5100 ILCE-5100 ボディ,41742,2430,,,6.0,1/4000〜30 秒,3.0,92.1,400,False,True,True,チルト可動式液晶,224.0,109.6,62.8,35.7,3.0,1,2,,,　,,,,True,　,False,,　,False,,,False,2014,9,2
234,α7S ILCE-7S ボディ,159641,1220,,40960,5.0,1/8000〜30 秒,3.0,92.1,380,False,True,False,チルト可動式液晶,446.0,126.9,94.4,48.2,2.0,1,27,,320,　,,,,False,○,False,,　,False,,,False,2014,6,2
235,FUJIFILM GFX 50S ボディ,723654,5140,,10240,3.0,1/16000〜3600 秒,3.2,236.0,400,False,True,True,チルト式液晶,740.0,147.5,94.2,91.4,1.0,2,30,,,　,,,,False,○,False,,　,False,,,False,2017,2,2
236,Nikon 1 J5 ダブルズームレンズキット,59800,2081,,,60.0,1/16000〜30 秒,3.0,104.0,250,True,True,True,チルト式液晶,231.0,98.3,59.7,31.5,5.0,3,2,,,　,,,,True,　,False,,　,False,,,False,2015,4,2
237,OLYMPUS OM-D E-M10 14-42mm EZ レンズキット,49800,1605,,2560,8.0,1/4000～60 秒,3.0,104.0,320,False,True,True,可動式液晶,350.0,119.1,82.3,45.9,4.0,5,38,,,　,,,,False,　,False,,○,False,,,False,2014,2,2
238,EOS M5 ボディ,74800,2420,,,9.0,1/4000〜30 秒,3.2,162.0,295,False,True,True,チルト式液晶,380.0,115.6,89.2,60.6,3.0,4,26,,295,Bluetooth 4.1,,,,True,　,False,,　,False,,,False,2016,11,2
239,FUJIFILM X-T1 Graphite Silver Edition,79800,1630,,5120,8.0,1/32000〜1/4 秒,3.0,104.0,350,False,True,False,チルト式液晶,390.0,129.0,89.8,46.7,3.0,2,30,,,　,,,,False,○,False,,　,False,,,False,2014,11,2
240,LUMIX DMC-GX8H 高倍率ズームレンズキット,161282,2030,,10,40.0,1/16000〜60 秒,3.0,104.0,330,True,True,True,フリーアングル,435.0,133.2,77.9,63.1,4.0,6,29,,310,　,,,,False,○,False,,○,False,,,False,2015,8,2
241,EOS M6 EF-M18-150 IS STM レンズキット,81180,2420,,,9.0,1/4000〜30 秒,3.0,104.0,295,False,True,True,チルト式液晶,343.0,112.0,68.0,44.5,3.0,4,2,,,Bluetooth 4.1,,,,True,　,False,,　,False,,,False,2017,4,2
242,FUJIFILM X-E2 ボディ,46979,1630,,2560,7.0,1/4000〜30 秒,3.0,104.0,350,False,True,False,　,300.0,129.0,74.9,37.2,3.0,2,30,,,　,,,,False,　,False,,　,False,,,False,2013,11,2
243,LUMIX DC-GF90W ダブルレンズキット,67537,1600,,10,10.0,1/16000〜60 秒,3.0,104.0,210,True,True,True,チルト式,240.0,106.5,64.6,33.3,4.0,6,2,,,　,,,,True,　,False,,　,False,,,False,2018,2,2
244,α7 ILCE-7K ズームレンズキット,106990,2430,,5120,5.0,1/8000〜30 秒,3.0,92.1,340,False,True,False,チルト可動式液晶,416.0,126.9,94.4,48.2,2.0,1,27,,270,　,,,,False,○,False,,　,False,,,False,2013,11,2
245,FUJIFILM X-E1 ボディ,29799,1630,,2560,6.0,1/4000〜30 秒,2.8,46.0,350,False,False,False,　,300.0,129.0,74.9,38.3,3.0,2,30,,,　,,,,False,　,False,,　,False,,,False,2012,11,2
246,EOS M10 ダブルレンズキット,53800,1800,,2560,4.6,1/4000〜30 秒,3.0,104.0,255,False,True,True,チルト式液晶,265.0,108.0,66.6,35.0,3.0,4,2,,,　,,,,True,　,False,,　,False,,,False,2015,10,2
247,FUJIFILM X-A1 ボディ,27999,1630,,2560,5.6,1/4000〜30 秒,3.0,92.0,350,False,True,False,チルト式液晶,280.0,116.9,66.5,39.0,3.0,2,2,,,　,,,,False,　,False,,　,False,,,False,2013,11,2
248,FUJIFILM X-A5 ボディ,37480,2424,,5120,6.0,1/32000〜30 秒,3.0,104.0,450,True,True,True,チルト式液晶,311.0,116.9,66.7,40.4,3.0,2,2,,,Bluetooth 4.1,,,,True,　,False,,　,False,,,False,2018,2,2
249,EOS M3 EF-M18-55 IS STM レンズキット,44999,2420,,2560,4.2,1/4000〜30 秒,3.0,104.0,250,False,True,True,チルト式液晶,319.0,110.9,68.0,44.4,3.0,4,2,,,　,,,,True,　,False,,　,False,,,False,2015,3,2
250,EOS M5 EF-M15-45 IS STM レンズキット,85959,2420,,,9.0,1/4000〜30 秒,3.2,162.0,295,False,True,True,チルト式液晶,380.0,115.6,89.2,60.6,3.0,4,26,,295,Bluetooth 4.1,,,,True,　,False,,　,False,,,False,2016,11,2
251,ライカSL Typ 601 ボディ,820800,,,,11.0,1/8000〜60 秒,,,400,True,True,True,　,771.0,,,,2.0,8,40,,,　,,,,False,○,True,,　,False,,,False,2015,11,2
252,SIGMA sd Quattro H ボディ,107870,3860,,,6.2,1/4000〜30 秒,3.0,162.0,187,False,False,False,　,,147.0,95.1,90.8,3.0,13,39,,,　,,,,False,○,False,,　,False,,,False,2016,12,2
253,EOS M10 ボディ,29687,1800,,2560,4.6,1/4000〜30 秒,3.0,104.0,255,False,True,True,チルト式液晶,265.0,108.0,66.6,35.0,3.0,4,2,,,　,,,,True,　,False,,　,False,,,False,2015,10,2
254,SIGMA sd Quattro ボディ,63610,2950,,,4.3,1/4000〜30 秒,3.0,162.0,　,False,False,False,　,625.0,147.0,95.1,90.8,3.0,13,39,,,　,,,,False,○,False,,　,False,,,False,2016,7,2
255,EOS M3 ダブルレンズキット,69800,2420,,2560,4.2,1/4000〜30 秒,3.0,104.0,250,False,True,True,チルト式液晶,319.0,110.9,68.0,44.4,3.0,4,2,,,　,,,,True,　,False,,　,False,,,False,2015,3,2
256,FUJIFILM X-E2 レンズキット,96984,1630,,2560,7.0,1/4000〜30 秒,3.0,104.0,350,False,True,False,　,300.0,129.0,74.9,37.2,3.0,2,30,,,　,,,,False,　,False,,　,False,,,False,2013,11,2
257,EOS M6 EF-M15-45 IS STM レンズキット,70000,2420,,,9.0,1/4000〜30 秒,3.0,104.0,295,False,True,True,チルト式液晶,343.0,112.0,68.0,44.5,3.0,4,2,,,Bluetooth 4.1,,,,True,　,False,,　,False,,,False,2017,4,2
258,FUJIFILM X-Pro1 ボディ,80000,1630,,2560,6.0,1/4000〜30 秒,3.0,123.0,300,False,False,False,　,400.0,139.5,81.8,42.5,3.0,2,41,,,　,,,,False,　,False,,　,False,,,False,2012,2,2
259,LUMIX DMC-GF7W ダブルズームレンズキット,64800,1600,,10,40.0,1/16000〜60 秒,3.0,104.0,230,False,True,True,チルト式,236.0,106.5,64.6,33.3,4.0,6,2,,,　,,,,True,　,False,,　,False,,,False,2015,2,2
260,α7 ILCE-7 ボディ,96020,2430,,5120,5.0,1/8000〜30 秒,3.0,92.1,340,False,True,False,チルト可動式液晶,416.0,126.9,94.4,48.2,2.0,1,27,,270,　,,,,False,○,False,,　,False,,,False,2013,11,2
261,FUJIFILM X-Pro1 標準レンズキット,124800,1630,,2560,6.0,1/4000〜30 秒,3.0,123.0,300,False,False,False,　,400.0,139.5,81.8,42.5,3.0,2,41,,,　,,,,False,　,False,,　,False,,,False,,,2
262,FUJIFILM X-T10 ボディ,54800,1630,,5120,8.0,1/32000〜30 秒,3.0,92.0,350,False,True,False,チルト式液晶,331.0,118.4,82.8,40.8,3.0,2,30,,,　,,,,False,　,False,,　,False,,,False,2015,6,2
263,OLYMPUS PEN Lite E-PL7 EZダブルズームキット,59800,1605,,2560,8.0,1/4000〜60 秒,3.0,104.0,350,False,True,True,チルト可動式,309.0,114.9,67.0,38.4,4.0,5,2,,,　,,,,True,　,False,,○,False,,,False,2014,9,2
264,ライカCL ボディ,348840,2424,,,30.0,1/25000〜30 秒,3.0,104.0,220,True,True,True,　,353.0,131.0,78.0,45.0,3.0,8,39,,,　,,,,False,　,False,,　,False,,,False,2017,12,2
265,FUJIFILM X-T1 ボディ,74800,1630,,5120,8.0,1/4000〜30 秒,3.0,104.0,350,False,True,False,チルト式液晶,390.0,129.0,89.8,46.7,3.0,2,30,,,　,,,,False,○,False,,　,False,,,False,2014,2,2
266,Nikon 1 AW1 ボディ,59802,1425,,,60.0,1/16000〜30 秒,3.0,92.0,250,False,False,False,　,313.0,113.3,71.5,37.5,5.0,3,2,,,　,,,,False,○,True,,　,False,,,False,2013,10,2
267,OLYMPUS OM-D E-M1 12-40mm F2.8 レンズキット,83800,1628,,2560,10.0,1/8000〜60 秒,3.0,104.0,350,False,True,True,可動式液晶,443.0,130.4,93.5,63.1,4.0,5,37,,,　,,,,False,○,False,,○,True,,,False,2013,10,2
268,PENTAX Q10 ダブルズームキット,61505,1240,,,5.0,1/2000〜30 秒,3.0,46.0,270,False,False,False,　,180.0,102.0,58.0,33.5,6.0,20,2,,,　,,,,False,　,False,,○,False,,,False,2012,10,2
269,SIGMA sd Quattro H 24-105mm F4 DG OS HSM Art レンズキット,166530,3860,,,6.2,1/4000〜30 秒,3.0,162.0,187,False,False,False,　,,147.0,95.1,90.8,3.0,13,39,,,　,,,,False,○,False,,　,False,,,False,2017,3,2
270,EOS M10 EF-M15-45 IS STM レンズキット,47773,1800,,2560,4.6,1/4000〜30 秒,3.0,104.0,255,False,True,True,チルト式液晶,265.0,108.0,66.6,35.0,3.0,4,2,,,　,,,,True,　,False,,　,False,,,False,2015,10,2
271,EOS M3 ボディ,21880,2420,,2560,4.2,1/4000〜30 秒,3.0,104.0,250,False,True,True,チルト式液晶,319.0,110.9,68.0,44.4,3.0,4,2,,,　,,,,True,　,False,,　,False,,,False,2015,3,2
272,FUJIFILM X-A2 ダブルズームレンズキット,56000,1630,,2560,5.6,1/4000〜30 秒,3.0,92.0,410,False,True,False,チルト式液晶,300.0,116.9,66.5,40.4,3.0,2,2,,,　,,,,True,　,False,,　,False,,,False,2015,2,2
273,FUJIFILM X-M1 ボディ,32800,1630,,2560,5.6,1/4000〜30 秒,3.0,92.0,350,False,True,False,チルト式液晶,280.0,116.9,66.5,39.0,3.0,2,2,,,　,,,,False,　,False,,　,False,,,False,2013,9,2
274,FUJIFILM X-T1 F X-T1B/1855KIT レンズキット,123768,1630,,5120,8.0,1/4000〜30 秒,3.0,104.0,350,False,True,False,チルト式液晶,390.0,129.0,89.8,46.7,3.0,2,30,,,　,,,,False,○,False,,　,False,,,False,2014,2,2
275,SIGMA sd Quattro 30mm F1.4 DC HSM Art レンズキット,94190,2950,,,4.3,1/4000〜30 秒,3.0,162.0,　,False,False,False,　,625.0,147.0,95.1,90.8,3.0,13,39,,,　,,,,False,○,False,,　,False,,,False,2016,7,2
276,X1D エクスペリエンス・パッケージ [Silver],1388394,,,,,1/2000〜 秒,3.0,92.0,　,False,True,True,　,,150.0,98.0,71.0,1.0,21,42,,,　,,,,False,　,True,,　,False,,,False,2018,4,2
277,X1D-50c ボディ,1108080,,,,,1/2000〜 秒,3.0,92.0,　,False,True,True,　,,150.4,98.1,71.4,1.0,21,42,,,　,,,,False,　,True,,　,False,,,False,,,2
278,EOS M ボディ,29800,1800,,2560,4.3,1/4000〜30 秒,3.0,104.0,230,False,False,True,　,262.0,108.6,66.5,32.3,3.0,4,2,,,　,,,,False,　,False,,　,False,,,False,2012,10,2
279,EOS M3 EF-M15-45 IS STM レンズキット,49500,2420,,2560,4.2,1/4000〜30 秒,3.0,104.0,250,False,True,True,チルト式液晶,319.0,110.9,68.0,44.4,3.0,4,2,,,　,,,,True,　,False,,　,False,,,False,2016,3,2
280,SIGMA sd Quattro H 35mm F1.4 DG HSM Art レンズキット,165020,3860,,,6.2,1/4000〜30 秒,3.0,162.0,187,False,False,False,　,,147.0,95.1,90.8,3.0,13,39,,,　,,,,False,○,False,,　,False,,,False,2017,3,2
281,ライカCL プライムキット 18mm,507600,2424,,,30.0,1/25000〜30 秒,3.0,104.0,220,True,True,True,　,353.0,131.0,78.0,45.0,3.0,8,39,,,　,,,,False,　,False,,　,False,,,False,2017,12,2
282,ライカTL2 ボディ,256500,,,,20.0,1/40000〜30 秒,3.7,130.0,250,True,True,True,　,355.0,134.0,69.0,33.0,3.0,8,2,,,　,,,,False,　,False,,　,False,,,False,2017,8,2
283,ライカTスターターセット,448200,1630,,,5.0,1/4000〜30 秒,3.7,130.0,400,False,True,True,　,339.0,134.0,69.0,33.0,3.0,8,39,,,　,,,,False,　,True,,　,False,,,False,2016,1,2
284,EOS M3 クリエイティブマクロレンズキット,69800,2420,,2560,4.2,1/4000〜30 秒,3.0,104.0,250,False,True,True,チルト式液晶,319.0,110.9,68.0,44.4,3.0,4,2,,,　,,,,True,　,False,,　,False,,,False,2016,7,2
285,FUJIFILM X-E1 レンズキット,74799,1630,,2560,6.0,1/4000〜30 秒,2.8,46.0,350,False,False,False,　,300.0,129.0,74.9,38.3,3.0,2,30,,,　,,,,False,　,False,,　,False,,,False,2012,11,2
286,FUJIFILM X-T10 レンズキット,91398,1630,,5120,8.0,1/32000〜30 秒,3.0,92.0,350,False,True,False,チルト式液晶,331.0,118.4,82.8,40.8,3.0,2,30,,,　,,,,False,　,False,,　,False,,,False,2015,6,2
287,LUMIX DMC-GF6 ボディ,49800,1600,,2560,20.0,1/4000〜60 秒,3.0,104.0,　,False,True,True,可動式,281.0,111.2,64.8,38.4,4.0,6,2,,,　,,,,True,　,False,,　,False,,,False,2013,4,2
288,OLYMPUS OM-D E-M10 EZダブルズームキット,74800,1605,,2560,8.0,1/4000～60 秒,3.0,104.0,320,False,True,True,可動式液晶,350.0,119.1,82.3,45.9,4.0,5,38,,,　,,,,False,　,False,,○,False,,,False,2014,2,2
289,OLYMPUS PEN E-P5 ボディ,60329,1605,,2560,9.0,1/8000～60 秒,3.0,104.0,400,False,True,True,可動式液晶,366.0,122.3,68.9,37.2,4.0,5,2,,,　,,,,False,　,False,,○,False,,,False,2013,6,2
290,EOS M3 ダブルレンズキット2,65800,2420,,2560,4.2,1/4000〜30 秒,3.0,104.0,250,False,True,True,チルト式液晶,319.0,110.9,68.0,44.4,3.0,4,2,,,　,,,,True,　,False,,　,False,,,False,2016,3,2
291,EOS M5 クリエイティブマクロ ダブルレンズキット,154886,2420,,,9.0,1/4000〜30 秒,3.2,162.0,295,False,True,True,チルト式液晶,380.0,115.6,89.2,60.6,3.0,4,26,,295,Bluetooth 4.1,,,,True,　,False,,　,False,,,False,2016,11,2
292,EOS M6 EF-M18-150 IS STM レンズEVFキット,109800,2420,,,9.0,1/4000〜30 秒,3.0,104.0,295,False,True,True,チルト式液晶,343.0,112.0,68.0,44.5,3.0,4,2,,,Bluetooth 4.1,,,,True,　,False,,　,False,,,False,2017,4,2
293,EOS M6 ダブルズームEVFキット,99800,2420,,,9.0,1/4000〜30 秒,3.0,104.0,295,False,True,True,チルト式液晶,343.0,112.0,68.0,44.5,3.0,4,2,,,Bluetooth 4.1,,,,True,　,False,,　,False,,,False,2017,4,2
294,LUMIX DMC-GH4H 高倍率ズームレンズキット,221000,1605,,10,40.0,1/8000〜60 秒,3.0,104.0,530,True,True,True,フリーアングル,480.0,132.9,93.4,83.9,4.0,6,29,,,　,,,,False,○,False,,　,False,,,False,2014,4,2
295,LUMIX DMC-GX7MK2L 単焦点ライカDGレンズキット,104520,1600,,10,40.0,1/16000〜60 秒,3.0,104.0,　,True,True,True,チルト式,383.0,122.0,70.6,43.9,4.0,6,34,,,　,,,,False,　,False,,○,True,,,False,2016,5,2
296,OLYMPUS PEN E-P3 ボディ,69505,1230,,,3.0,1/4000〜60 秒,3.0,61.0,330,False,False,True,　,321.0,122.0,69.1,34.3,4.0,5,2,,,　,,,,False,　,False,,○,False,,,False,2011,7,2
297,X1D エクスペリエンス・パッケージ [Black],1559994,,,,,1/2000〜 秒,3.0,92.0,　,False,True,True,　,,150.0,98.0,71.0,1.0,21,42,,,　,,,,False,　,True,,　,False,,,False,2018,4,2
298,α NEX-3NY ダブルズームレンズキット,56000,1610,,,4.0,1/4000〜30 秒,3.0,46.0,480,False,False,False,チルト可動式液晶,210.0,109.9,62.0,34.6,3.0,1,2,,,　,,,,True,　,False,,　,False,,,False,2013,3,2
299,α NEX-6 ボディ,50000,1610,,,10.0,1/4000〜30 秒,3.0,92.1,360,False,True,False,チルト可動式液晶,287.0,119.9,66.9,42.6,3.0,1,27,,270,　,,,,False,　,False,,　,False,,,False,2012,11,2
300,EOS M ダブルレンズキット,110341,1800,,2560,4.3,1/4000〜30 秒,3.0,104.0,230,False,False,True,　,262.0,108.6,66.5,32.3,3.0,4,2,,,　,,,,False,　,False,,　,False,,,False,2012,9,2
301,EOS M3 クリエイティブマクロ ダブルレンズキット,,2420,,2560,4.2,1/4000〜30 秒,3.0,104.0,250,False,True,True,チルト式液晶,319.0,110.9,68.0,44.4,3.0,4,2,,,　,,,,True,　,False,,　,False,,,False,2016,7,2
302,EOS M3 ボディ EVFキット,57969,2420,,2560,4.2,1/4000〜30 秒,3.0,104.0,250,False,True,True,チルト式液晶,319.0,110.9,68.0,44.4,3.0,4,2,,,　,,,,True,　,False,,　,False,,,False,2015,3,2
303,FUJIFILM X-M1 ダブルレンズキット,64800,1630,,2560,5.6,1/4000〜30 秒,3.0,92.0,350,False,True,False,チルト式液晶,280.0,116.9,66.5,39.0,3.0,2,2,,,　,,,,False,　,False,,　,False,,,False,2013,7,2
304,LUMIX DMC-GH4 ボディ,69800,1605,,10,40.0,1/8000〜60 秒,3.0,104.0,530,True,True,True,フリーアングル,480.0,132.9,93.4,83.9,4.0,6,29,,,　,,,,False,○,False,,　,False,,,False,2014,4,2
305,LUMIX DMC-GM1SK レンズキット,82080,1600,,10,40.0,1/16000〜60 秒,3.0,104.0,230,False,True,True,　,173.0,98.5,54.9,30.4,4.0,6,2,,,　,,,,False,　,False,,　,False,,,False,2014,11,2
306,OLYMPUS OM-D E-M5 レンズキット,79800,1605,,2560,9.0,1/4000〜60 秒,3.0,61.0,360,False,False,True,チルト可動式,373.0,121.0,89.6,41.9,4.0,5,38,,,　,,,,False,○,False,,○,True,,,False,2012,3,2
307,OLYMPUS PEN E-P5 14-42mm レンズキット,65900,1605,,2560,9.0,1/8000～60 秒,3.0,104.0,400,False,True,True,可動式液晶,366.0,122.3,68.9,37.2,4.0,5,2,,,　,,,,False,　,False,,○,True,,,False,2013,6,2
308,OLYMPUS PEN Lite E-PL6 EZ ダブルズームキット,59800,1605,,2560,8.0,1/4000〜60 秒,3.0,46.0,360,False,False,True,チルト＆リバース式液晶,279.0,110.5,63.7,38.2,4.0,5,2,,,　,,,,True,　,False,,○,False,,,False,2014,5,2
309,OM-D E-M5 Mark II Limited Edition Kit,124800,1605,,2560,10.0,1/8000〜60 秒,3.0,104.0,310,False,True,True,バリアングル液晶,417.0,123.7,85.0,44.5,4.0,5,37,,,　,,,,True,○,False,,○,True,,,False,2015,6,2
310,ライカT ボディ,235440,1630,,,5.0,1/4000〜30 秒,3.7,130.0,400,False,True,True,　,339.0,134.0,69.0,33.0,3.0,8,2,,,　,,,,False,　,False,,　,False,,,False,,,2
311,ライカTL ボディ,225720,1630,,,5.0,1/4000〜30 秒,3.7,130.0,400,False,True,True,　,339.0,134.0,69.0,33.0,3.0,8,2,,,　,,,,False,　,False,,　,False,,,False,2016,11,2
312,EOS 5D Mark IV ボディ,245495,3040,,10240,7.0,1/8000～30 秒,3.2,162.0,300,True,True,True,　,800.0,150.7,116.4,75.9,2.0,4,43,,900,　,,,,False,○,True,,　,False,,,False,2016,9,3
313,EOS 6D Mark II ボディ,138460,2620,,10240,6.5,1/4000〜30 秒,3.0,104.0,380,False,True,True,バリアングル液晶,685.0,144.0,110.5,74.8,2.0,4,43,,1200,Bluetooth 4.1,,,,True,○,True,,　,False,,,False,2017,8,3
314,D850 ボディ,322100,4575,,102400,7.0,1/8000〜30 秒,3.2,236.0,,True,True,True,チルト式液晶,915.0,146.0,124.0,78.5,2.0,3,43,,1840,Bluetooth 4.1,,,,False,○,False,,　,False,,,False,2017,9,3
315,D5600 ダブルズームキット,69475,2416,,,5.0,1/4000〜30 秒,3.2,104.0,,False,True,True,バリアングル液晶,415.0,124.0,97.0,70.0,3.0,3,44,,970,Bluetooth 4.1,,,,True,　,False,,　,False,,,False,2016,11,3
316,EOS Kiss X9 ダブルズームキット,62480,2420,,5120,5.0,1/4000〜30 秒,3.0,104.0,290,False,True,True,バリアングル液晶,406.0,122.4,92.6,69.8,3.0,4,45,,840,Bluetooth 4.1,,,,True,　,False,,　,False,,,False,2017,7,3
317,D500 ボディ,142672,2088,,1640000,10.0,1/8000〜30 秒,3.2,236.0,,True,True,True,チルト式液晶,760.0,147.0,115.0,81.0,3.0,3,43,,1240,Bluetooth 4.1,,,,False,○,False,,　,False,,,False,2016,4,3
318,EOS Kiss X9i ダブルズームキット,81999,2420,,5120,6.0,1/4000〜30 秒,3.0,104.0,270,False,True,True,バリアングル液晶,485.0,131.0,99.9,76.2,3.0,4,45,,600,Bluetooth 4.1,,,,False,　,False,,　,False,,,False,2017,4,3
319,D5300 AF-P ダブルズームキット,53179,2416,,25600,5.0,1/4000〜30 秒,3.2,104.0,,False,True,False,バリアングル液晶,480.0,125.0,98.0,76.0,3.0,3,44,,600,　,,,,True,　,True,,　,False,,,False,2017,2,3
320,EOS Kiss X9 EF-S18-55 IS STM レンズキット,54480,2420,,5120,5.0,1/4000〜30 秒,3.0,104.0,290,False,True,True,バリアングル液晶,406.0,122.4,92.6,69.8,3.0,4,45,,840,Bluetooth 4.1,,,,True,　,False,,　,False,,,False,2017,7,3
321,EOS 80D EF-S18-135 IS USM レンズキット,103766,2420,,2560,7.0,1/8000〜30 秒,3.0,104.0,340,False,True,True,バリアングル液晶,650.0,139.0,105.2,78.5,3.0,4,43,,1390,　,,,,False,○,False,,　,False,,,False,2016,3,3
322,D750 24-120 VR レンズキット,171800,2432,,51200,6.5,1/4000～30 秒,3.2,122.9,,False,True,False,チルト式液晶,750.0,140.5,113.0,78.0,2.0,3,43,,1230,　,,,,False,○,False,,　,False,,,False,2014,10,3
323,D7500 18-140 VR レンズキット,110598,2088,,1640000,8.0,1/8000〜30 秒,3.2,92.2,,True,True,True,チルト式液晶,640.0,135.5,104.0,72.5,3.0,3,43,,950,Bluetooth 4.1,,,,False,○,False,,　,False,,,False,2017,6,3
324,PENTAX KP ボディ,84578,2432,,,7.0,1/24000〜30 秒,3.0,92.1,,False,True,False,チルト式液晶,643.0,131.5,101.0,76.0,3.0,20,43,,420,　,,,,False,○,False,,○,True,,,False,2017,2,3
325,EOS 80D ボディ,79260,2420,,2560,7.0,1/8000〜30 秒,3.0,104.0,340,False,True,True,バリアングル液晶,650.0,139.0,105.2,78.5,3.0,4,43,,1390,　,,,,False,○,False,,　,False,,,False,2016,3,3
326,D750 ボディ,127970,2432,,51200,6.5,1/4000～30 秒,3.2,122.9,,False,True,False,チルト式液晶,750.0,140.5,113.0,78.0,2.0,3,43,,1230,　,,,,False,○,False,,　,False,,,False,2014,9,3
327,D810 ボディ,186735,3635,,51200,6.0,1/8000〜30 秒,3.2,122.9,,False,False,False,　,880.0,146.0,123.0,81.5,2.0,3,43,,1200,　,,,,False,○,False,,　,False,,,False,2014,7,3
328,D7500 ボディ,91692,2088,,1640000,8.0,1/8000〜30 秒,3.2,92.2,,True,True,True,チルト式液晶,640.0,135.5,104.0,72.5,3.0,3,43,,950,Bluetooth 4.1,,,,False,○,False,,　,False,,,False,2017,6,3
329,D7200 ボディ,70973,2416,,102400,7.0,1/8000〜30 秒,3.2,122.9,,False,True,False,　,675.0,135.5,106.5,76.0,3.0,3,43,,1110,　,,,,False,○,False,,　,False,,,False,2015,3,3
330,EOS 7D Mark II ボディ,107798,2020,,5120,10.0,1/8000〜30 秒,3.0,104.0,270,False,False,False,　,820.0,148.6,112.4,78.2,3.0,4,43,,800,　,,,,False,○,True,,　,False,,,False,2014,10,3
331,D5 XQD-Type ボディ,479800,2082,,3280000,14.0,1/8000〜30 秒,3.2,236.0,,True,False,True,　,1235.0,160.0,158.5,92.0,2.0,3,43,,3780,　,,,,False,○,False,,　,False,,,False,2016,3,3
332,D3400 ダブルズームキット,51422,2416,,,5.0,1/4000〜30 秒,3.0,92.0,,False,False,False,　,395.0,124.0,98.0,75.5,3.0,3,44,,1200,Bluetooth 4.1,,,,False,　,False,,　,False,,,False,2016,9,3
333,EOS Kiss X8i ダブルズームキット,59234,2420,,2560,5.0,1/4000〜30 秒,3.0,104.0,200,False,True,True,バリアングル液晶,510.0,131.9,100.7,77.8,3.0,4,45,,550,　,,,,False,　,False,,　,False,,,False,2015,4,3
334,EOS 6D Mark II EF24-105 IS STM レンズキット,183717,2620,,10240,6.5,1/4000〜30 秒,3.0,104.0,380,False,True,True,バリアングル液晶,685.0,144.0,110.5,74.8,2.0,4,43,,1200,Bluetooth 4.1,,,,True,○,True,,　,False,,,False,2017,8,3
335,D500 16-80 VR レンズキット,205568,2088,,1640000,10.0,1/8000〜30 秒,3.2,236.0,,True,True,True,チルト式液晶,760.0,147.0,115.0,81.0,3.0,3,43,,1240,Bluetooth 4.1,,,,False,○,False,,　,False,,,False,2016,4,3
336,EOS 6D ボディ,92648,2020,,10240,4.5,1/4000〜30 秒,3.0,104.0,220,False,True,False,　,680.0,144.5,110.5,71.2,2.0,4,43,,1090,　,,,,False,○,True,,　,False,,,False,2012,11,3
337,PENTAX K-70 18-135WRキット,78668,2424,,,6.0,1/6000〜30 秒,3.0,92.1,,False,True,False,バリアングル液晶,628.0,125.5,93.0,74.0,3.0,20,43,,480,　,,,,False,○,False,,○,False,,,False,2016,7,3
338,EOS 9000D EF-S18-135 IS USM レンズキット,96381,2420,,5120,6.0,1/4000〜30 秒,3.0,104.0,270,False,True,True,バリアングル液晶,493.0,131.0,99.9,76.2,3.0,4,45,,600,Bluetooth 4.1,,,,False,　,False,,　,False,,,False,2017,4,3
339,EOS 6D Mark II EF24-70 F4L IS USM レンズキット,225000,2620,,10240,6.5,1/4000〜30 秒,3.0,104.0,380,False,True,True,バリアングル液晶,685.0,144.0,110.5,74.8,2.0,4,43,,1200,Bluetooth 4.1,,,,True,○,True,,　,False,,,False,2017,8,3
340,PENTAX K-70 ボディ,57000,2424,,,6.0,1/6000〜30 秒,3.0,92.1,,False,True,False,バリアングル液晶,628.0,125.5,93.0,74.0,3.0,20,43,,480,　,,,,False,○,False,,○,False,,,False,2016,7,3
341,PENTAX K-1 Mark II ボディ,207000,3640,,,6.4,1/8000〜30 秒,3.2,103.7,,False,True,False,フレキシブルチルト式液晶,925.0,136.5,110.0,85.5,2.0,20,43,,670,　,,,,False,○,True,,○,True,,,False,2018,4,3
342,EOS 80D ダブルズームキット,106400,2420,,2560,7.0,1/8000〜30 秒,3.0,104.0,340,False,True,True,バリアングル液晶,650.0,139.0,105.2,78.5,3.0,4,43,,1390,　,,,,False,○,False,,　,False,,,False,2016,3,3
343,Df ボディ,188195,1625,,204800,5.5,1/4000〜30 秒,3.2,92.0,,False,False,False,　,710.0,143.5,110.0,66.5,2.0,3,43,,1400,　,,,,False,○,False,,　,False,,,False,2013,11,3
344,EOS-1D X Mark II ボディ,524800,2020,,40960,16.0,1/8000〜30 秒,3.2,162.0,260,True,False,True,　,1340.0,158.0,167.6,82.6,2.0,4,43,,1210,　,,,,False,○,True,,　,False,,,False,2016,4,3
345,PENTAX K-S2 18-135WRキット,61424,2012,,,5.5,1/6000〜30 秒,3.0,92.1,,False,True,False,バリアングル液晶,618.0,122.5,91.0,72.5,3.0,20,43,,480,　,,,,True,○,False,,○,False,,,False,2015,3,3
346,EOS 9000D ダブルズームキット,95980,2420,,5120,6.0,1/4000〜30 秒,3.0,104.0,270,False,True,True,バリアングル液晶,493.0,131.0,99.9,76.2,3.0,4,45,,600,Bluetooth 4.1,,,,False,　,False,,　,False,,,False,2017,4,3
347,α77 II ILCA-77M2 ボディ,116649,2430,,5120,12.0,1/8000〜30 秒,3.0,122.8,480,False,True,False,3軸チルト液晶,647.0,142.6,104.2,80.9,3.0,1,27,,410,　,,,,False,○,False,,○,False,,,False,2014,6,3
348,EOS Kiss X8i EF-S18-55 IS STM レンズキット,50659,2420,,2560,5.0,1/4000〜30 秒,3.0,104.0,200,False,True,True,バリアングル液晶,510.0,131.9,100.7,77.8,3.0,4,45,,550,　,,,,False,　,False,,　,False,,,False,2015,4,3
349,D810 24-120 VR レンズキット,270276,3635,,51200,6.0,1/8000〜30 秒,3.2,122.9,,False,False,False,　,880.0,146.0,123.0,81.5,2.0,3,43,,1200,　,,,,False,○,False,,　,False,,,False,2015,2,3
350,D5300 AF-P 18-55 VR キット,46550,2416,,25600,5.0,1/4000〜30 秒,3.2,104.0,,False,True,False,バリアングル液晶,480.0,125.0,98.0,76.0,3.0,3,44,,600,　,,,,True,　,True,,　,False,,,False,2017,2,3
351,α99 II ILCA-99M2 ボディ,289800,4240,,10240,12.0,1/8000〜30 秒,3.0,122.8,490,True,True,False,3軸チルト液晶,770.0,142.6,104.2,76.1,2.0,1,27,,390,Bluetooth 4.1,,,,True,○,False,,○,True,,,False,2016,11,3
352,D610 ボディ,94180,2426,,25600,6.0,1/4000〜30 秒,3.2,92.0,,False,False,False,　,760.0,141.0,113.0,82.0,2.0,3,43,,900,　,,,,False,○,False,,　,False,,,False,2013,10,3
353,D5600 18-55 VR レンズキット,64979,2416,,,5.0,1/4000〜30 秒,3.2,104.0,,False,True,True,バリアングル液晶,415.0,124.0,97.0,70.0,3.0,3,44,,970,Bluetooth 4.1,,,,True,　,False,,　,False,,,False,2016,11,3
354,D3400 18-55 VR レンズキット,42644,2416,,,5.0,1/4000〜30 秒,3.0,92.0,,False,False,False,　,395.0,124.0,98.0,75.5,3.0,3,44,,1200,Bluetooth 4.1,,,,False,　,False,,　,False,,,False,2016,9,3
355,EOS 5D Mark IV EF24-105L IS II USM レンズキット,375400,3040,,10240,7.0,1/8000～30 秒,3.2,162.0,300,True,True,True,　,800.0,150.7,116.4,75.9,2.0,4,43,,900,　,,,,False,○,True,,　,False,,,False,2016,11,3
356,EOS Kiss X9 ボディ,54880,2420,,5120,5.0,1/4000〜30 秒,3.0,104.0,290,False,True,True,バリアングル液晶,406.0,122.4,92.6,69.8,3.0,4,45,,840,Bluetooth 4.1,,,,True,　,False,,　,False,,,False,2017,7,3
357,D5 CF-Type ボディ,482800,2082,,3280000,14.0,1/8000〜30 秒,3.2,236.0,,True,False,True,　,1240.0,160.0,158.5,92.0,2.0,3,43,,3780,　,,,,False,○,False,,　,False,,,False,2016,3,3
358,D5600 18-140 VR レンズキット,80000,2416,,,5.0,1/4000〜30 秒,3.2,104.0,,False,True,True,バリアングル液晶,415.0,124.0,97.0,70.0,3.0,3,44,,970,Bluetooth 4.1,,,,True,　,False,,　,False,,,False,2016,11,3
359,EOS 9000D ボディ,78800,2420,,5120,6.0,1/4000〜30 秒,3.0,104.0,270,False,True,True,バリアングル液晶,493.0,131.0,99.9,76.2,3.0,4,45,,600,Bluetooth 4.1,,,,False,　,False,,　,False,,,False,2017,4,3
360,EOS 5Ds R ボディ,347477,5060,,1280,5.0,1/8000〜30 秒,3.2,104.0,220,False,False,False,　,845.0,152.0,116.4,76.4,2.0,4,43,,700,　,,,,False,○,False,,　,False,,,False,2015,6,3
361,EOS Kiss X90 EF-S18-55 IS II レンズキット,46620,2410,,1280,3.0,1/4000〜30 秒,3.0,92.0,260,False,True,False,　,427.0,129.0,101.3,77.6,3.0,4,45,,600,　,,,,False,　,False,,　,False,,,False,2018,3,3
362,PENTAX K-1 Mark II 28-105WRキット,256907,3640,,,6.4,1/8000〜30 秒,3.2,103.7,,False,True,False,フレキシブルチルト式液晶,925.0,136.5,110.0,85.5,2.0,20,43,,670,　,,,,False,○,True,,○,True,,,False,2018,4,3
363,PENTAX K-1 ボディ,159800,3640,,,6.5,1/8000〜30 秒,3.2,103.7,,False,True,False,フレキシブルチルト式液晶,925.0,136.5,110.0,85.5,2.0,20,43,,760,　,,,,False,○,True,,○,True,,,False,2016,4,3
364,EOS 6D EF24-70L IS USM レンズキット,170863,2020,,10240,4.5,1/4000〜30 秒,3.0,104.0,220,False,True,False,　,680.0,144.5,110.5,71.2,2.0,4,43,,1090,　,,,,False,○,True,,　,False,,,False,2012,12,3
365,EOS 5D Mark IV EF24-70L IS USM レンズキット,345000,3040,,10240,7.0,1/8000～30 秒,3.2,162.0,300,True,True,True,　,800.0,150.7,116.4,75.9,2.0,4,43,,900,　,,,,False,○,True,,　,False,,,False,2016,9,3
366,D7200 18-140 VR レンズキット,105000,2416,,102400,7.0,1/8000〜30 秒,3.2,122.9,,False,True,False,　,675.0,135.5,106.5,76.0,3.0,3,43,,1110,　,,,,False,○,False,,　,False,,,False,2015,3,3
367,D3500 ボディ,53460,2416,,,5.0,1/4000〜30 秒,3.0,92.0,,False,False,False,　,365.0,124.0,97.0,69.5,3.0,3,44,,1550,Bluetooth 4.1,,,,False,　,False,,　,False,,,False,2018,9,3
368,D5600 ボディ,62000,2416,,,5.0,1/4000〜30 秒,3.2,104.0,,False,True,True,バリアングル液晶,415.0,124.0,97.0,70.0,3.0,3,44,,970,Bluetooth 4.1,,,,True,　,False,,　,False,,,False,2016,11,3
369,EOS 6D EF24-105 IS STM レンズキット,137800,2020,,10240,4.5,1/4000〜30 秒,3.0,104.0,220,False,True,False,　,680.0,144.5,110.5,71.2,2.0,4,43,,1090,　,,,,False,○,True,,　,False,,,False,2017,2,3
370,EOS Kiss X8i ボディ,47988,2420,,2560,5.0,1/4000〜30 秒,3.0,104.0,200,False,True,True,バリアングル液晶,510.0,131.9,100.7,77.8,3.0,4,45,,550,　,,,,False,　,False,,　,False,,,False,2015,4,3
371,EOS 5D Mark III EF24-70L IS U レンズキット,252975,2230,,10240,6.0,1/8000〜30 秒,3.2,104.0,200,False,False,False,　,860.0,152.0,116.4,76.4,2.0,4,43,,950,　,,,,False,○,False,,　,False,,,False,2013,6,3
372,EOS-1D X ボディ,429840,1810,,20480,14.0,1/8000〜30 秒,3.2,104.0,290,False,False,False,　,1340.0,158.0,163.6,82.7,2.0,4,43,,1120,　,,,,False,○,False,,　,False,,,False,2012,6,3
373,D810A ボディ,289980,3635,,51200,6.0,1/8000〜30 秒,3.2,122.9,,False,False,False,　,880.0,146.0,123.0,81.5,2.0,3,43,,1200,　,,,,False,　,False,,　,False,,,False,2015,5,3
374,EOS Kiss X9i EF-S18-135 IS USM レンズキット,103453,2420,,5120,6.0,1/4000〜30 秒,3.0,104.0,270,False,True,True,バリアングル液晶,485.0,131.0,99.9,76.2,3.0,4,45,,600,Bluetooth 4.1,,,,False,　,False,,　,False,,,False,2017,4,3
375,EOS 5D Mark III ボディ,239999,2230,,10240,6.0,1/8000〜30 秒,3.2,104.0,200,False,False,False,　,860.0,152.0,116.4,76.4,2.0,4,43,,950,　,,,,False,○,False,,　,False,,,False,2012,3,3
376,D7200 18-300 VR スーパーズームキット,139800,2416,,102400,7.0,1/8000〜30 秒,3.2,122.9,,False,True,False,　,675.0,135.5,106.5,76.0,3.0,3,43,,1110,　,,,,False,○,False,,　,False,,,False,2015,3,3
377,D5500 ダブルズームキット,65980,2416,,,5.0,1/4000〜30 秒,3.2,104.0,,False,True,True,バリアングル液晶,420.0,124.0,97.0,70.0,3.0,3,44,,820,　,,,,True,　,False,,　,False,,,False,2015,2,3
378,D3400 ボディ,40600,2416,,,5.0,1/4000〜30 秒,3.0,92.0,,False,False,False,　,395.0,124.0,98.0,75.5,3.0,3,44,,1200,Bluetooth 4.1,,,,False,　,False,,　,False,,,False,2016,9,3
379,Df 50mm f/1.8G Special Editionキット,216686,1625,,204800,5.5,1/4000〜30 秒,3.2,92.0,,False,False,False,　,710.0,143.5,110.0,66.5,2.0,3,43,,1400,　,,,,False,○,False,,　,False,,,False,2013,11,3
380,EOS 7D Mark II EF-S18-135 IS USM レンズキット W-E1,159679,2020,,5120,10.0,1/8000〜30 秒,3.0,104.0,270,False,True,False,　,820.0,148.6,112.4,78.2,3.0,4,43,,800,　,,,,False,○,True,,　,False,,,False,2016,9,3
381,EOS Kiss X9i ボディ,82699,2420,,5120,6.0,1/4000〜30 秒,3.0,104.0,270,False,True,True,バリアングル液晶,485.0,131.0,99.9,76.2,3.0,4,45,,600,Bluetooth 4.1,,,,False,　,False,,　,False,,,False,2017,4,3
382,α77 II ILCA-77M2Q ズームレンズキット,155000,2430,,5120,12.0,1/8000〜30 秒,3.0,122.8,480,False,True,False,3軸チルト液晶,647.0,142.6,104.2,80.9,3.0,1,27,,410,　,,,,False,○,False,,○,False,,,False,2014,6,3
383,EOS Kiss X90 ボディ,46479,2410,,1280,3.0,1/4000〜30 秒,3.0,92.0,260,False,True,False,　,427.0,129.0,101.3,77.6,3.0,4,45,,600,　,,,,False,　,False,,　,False,,,False,2018,3,3
384,EOS 80D EF-S18-55 IS STM レンズキット,94789,2420,,2560,7.0,1/8000〜30 秒,3.0,104.0,340,False,True,True,バリアングル液晶,650.0,139.0,105.2,78.5,3.0,4,43,,1390,　,,,,False,○,False,,　,False,,,False,2016,3,3
385,PENTAX 645Z ボディ,519800,5140,,,3.0,1/4000〜30 秒,3.2,103.7,,False,False,False,チルト式液晶,1470.0,156.0,117.0,123.0,1.0,20,46,,650,　,,,,False,○,False,,　,False,,,False,2014,6,3
386,D3500 ダブルズームキット,89091,2416,,,5.0,1/4000〜30 秒,3.0,92.0,,False,False,False,　,365.0,124.0,97.0,69.5,3.0,3,44,,1550,Bluetooth 4.1,,,,False,　,False,,　,False,,,False,2018,9,3
387,D7000 ボディ,58800,1620,,25600,6.0,1/8000〜30 秒,3.0,92.0,,False,False,False,　,690.0,132.0,105.0,77.0,3.0,3,43,,1050,　,,,,False,○,False,,　,False,,,False,2010,10,3
388,EOS 70D ボディ,94824,2020,,2560,7.0,1/8000〜30 秒,3.0,104.0,230,False,True,True,バリアングル液晶,675.0,139.0,104.3,78.5,3.0,4,43,,1300,　,,,,False,○,False,,　,False,,,False,2013,8,3
389,D610 24-85 VR レンズキット,132784,2426,,25600,6.0,1/4000〜30 秒,3.2,92.0,,False,False,False,　,760.0,141.0,113.0,82.0,2.0,3,43,,900,　,,,,False,○,False,,　,False,,,False,2013,10,3
390,EOS 8000D ダブルズームキット,78000,2420,,2560,5.0,1/4000〜30 秒,3.0,104.0,200,False,True,True,バリアングル液晶,520.0,131.9,100.9,77.8,3.0,4,45,,550,　,,,,False,　,False,,　,False,,,False,2015,4,3
391,H6D-400C MS ボディ,6229440,,,,,1/2000〜 秒,3.0,92.0,　,False,True,True,　,,,,,1.0,21,2,,,　,,,,False,　,False,,　,False,,,False,,,3
392,PENTAX K-3 II 18-135WR レンズキット,119800,2435,,,8.3,1/8000〜30 秒,3.2,103.7,,False,False,False,　,700.0,131.5,102.5,77.5,3.0,20,43,,720,　,,,,False,○,True,,○,False,,,False,2015,5,3
393,D3500 18-55 VR レンズキット,62605,2416,,,5.0,1/4000〜30 秒,3.0,92.0,,False,False,False,　,365.0,124.0,97.0,69.5,3.0,3,44,,1550,Bluetooth 4.1,,,,False,　,False,,　,False,,,False,2018,9,3
394,D810 24-85 VR レンズキット,235729,3635,,51200,6.0,1/8000〜30 秒,3.2,122.9,,False,False,False,　,880.0,146.0,123.0,81.5,2.0,3,43,,1200,　,,,,False,○,False,,　,False,,,False,2014,7,3
395,EOS 6D EF24-105L IS USM レンズキット,228420,2020,,10240,4.5,1/4000〜30 秒,3.0,104.0,220,False,True,False,　,680.0,144.5,110.5,71.2,2.0,4,43,,1090,　,,,,False,○,True,,　,False,,,False,2012,11,3
396,D5300 18-55 VR IIレンズキット,51500,2416,,25600,5.0,1/4000〜30 秒,3.2,104.0,,False,True,False,バリアングル液晶,480.0,125.0,98.0,76.0,3.0,3,44,,600,　,,,,True,　,True,,　,False,,,False,2014,2,3
397,D5500 18-140 VR レンズキット,80000,2416,,,5.0,1/4000〜30 秒,3.2,104.0,,False,True,True,バリアングル液晶,420.0,124.0,97.0,70.0,3.0,3,44,,820,　,,,,True,　,False,,　,False,,,False,2015,2,3
398,D5500 18-55 VR II レンズキット,59799,2416,,,5.0,1/4000〜30 秒,3.2,104.0,,False,True,True,バリアングル液晶,420.0,124.0,97.0,70.0,3.0,3,44,,820,　,,,,True,　,False,,　,False,,,False,2015,2,3
399,PENTAX K-1 Limited Silver,198000,3640,,,6.5,1/8000～30 秒,3.2,103.7,,False,True,False,フレキシブルチルト式液晶,925.0,136.5,110.0,85.5,2.0,20,43,,760,　,,,,False,○,True,,○,True,,,False,2017,9,3
400,D610 28-300 VR レンズキット,193000,2426,,25600,6.0,1/4000〜30 秒,3.2,92.0,,False,False,False,　,760.0,141.0,113.0,82.0,2.0,3,43,,900,　,,,,False,○,False,,　,False,,,False,2013,10,3
401,EOS 7D Mark II EF-S18-135 IS STM レンズキット,149707,2020,,5120,10.0,1/8000〜30 秒,3.0,104.0,270,False,False,False,　,820.0,148.6,112.4,78.2,3.0,4,43,,800,　,,,,False,○,True,,　,False,,,False,2014,10,3
402,PENTAX K-3 ボディ,88172,2435,,,8.3,1/8000〜30 秒,3.2,103.7,,False,False,False,　,715.0,131.5,100.0,77.5,3.0,20,43,,720,　,,,,False,○,False,,○,False,,,False,2013,11,3
403,EOS Kiss X7 ダブルレンズキット 2,85802,1800,,2560,4.0,1/4000〜30 秒,3.0,104.0,160,False,False,True,　,373.0,116.8,90.7,69.4,3.0,4,45,,480,　,,,,False,　,False,,　,False,,,False,2014,5,3
404,PENTAX K-50 18-135WRキット,54000,1628,,,6.0,1/6000〜30 秒,3.0,92.1,,False,False,False,　,590.0,129.0,96.5,70.0,3.0,20,43,,1250,　,,,,False,○,False,,○,False,,,False,2013,7,3
405,D750 24-85 VR レンズキット,213840,2432,,51200,6.5,1/4000～30 秒,3.2,122.9,,False,True,False,チルト式液晶,750.0,140.5,113.0,78.0,2.0,3,43,,1230,　,,,,False,○,False,,　,False,,,False,2014,9,3
406,EOS 5Ds ボディ,424680,5060,,1280,5.0,1/8000〜30 秒,3.2,104.0,220,False,False,False,　,845.0,152.0,116.4,76.4,2.0,4,43,,700,　,,,,False,○,False,,　,False,,,False,2015,6,3
407,EOS Kiss X80 EF-S18-55 IS II レンズキット,47799,1800,,1280,3.0,1/4000〜30 秒,3.0,92.0,190,False,True,False,　,440.0,129.0,101.3,77.6,3.0,4,45,,600,　,,,,False,　,False,,　,False,,,False,2016,4,3
408,EOS Kiss X8i EF-S18-135 IS USM レンズキット,88350,2420,,2560,5.0,1/4000〜30 秒,3.0,104.0,200,False,True,True,バリアングル液晶,510.0,131.9,100.7,77.8,3.0,4,45,,550,　,,,,False,　,False,,　,False,,,False,2016,3,3
409,PENTAX K-S1 300Wズームキット,66129,2012,,,5.4,1/6000〜30 秒,3.0,92.1,,False,False,False,　,498.0,120.0,92.5,69.5,3.0,20,43,,480,　,,,,False,　,False,,○,False,,,False,2014,9,3
410,D4S ボディ,488000,1623,,409600,11.0,1/8000〜30 秒,3.2,92.0,,False,False,False,　,1180.0,160.0,156.5,90.5,2.0,3,43,,3020,　,,,,False,○,False,,　,False,,,False,2014,3,3
411,EOS 8000D EF-S18-135 IS STM レンズキット,90000,2420,,2560,5.0,1/4000〜30 秒,3.0,104.0,200,False,True,True,バリアングル液晶,520.0,131.9,100.9,77.8,3.0,4,45,,550,　,,,,False,　,False,,　,False,,,False,2015,4,3
412,EOS Kiss X7i ボディ,52980,1800,,2560,5.0,1/4000〜30 秒,3.0,104.0,200,False,False,True,バリアングル液晶,525.0,133.1,99.8,78.8,3.0,4,45,,550,　,,,,False,　,False,,　,False,,,False,2013,4,3
413,D5300 ダブルズームキット2,65000,2416,,25600,5.0,1/4000〜30 秒,3.2,104.0,,False,True,False,バリアングル液晶,480.0,125.0,98.0,76.0,3.0,3,44,,600,　,,,,True,　,True,,　,False,,,False,2015,2,3
414,EOS Kiss X7i ダブルズームキット,72796,1800,,2560,5.0,1/4000〜30 秒,3.0,104.0,200,False,False,True,バリアングル液晶,525.0,133.1,99.8,78.8,3.0,4,45,,550,　,,,,False,　,False,,　,False,,,False,2013,9,3
415,H6D-100c ボディ,4501440,,,,,1/2000〜 秒,3.0,92.0,　,True,True,True,　,,,,,1.0,21,2,,,　,,,,False,　,False,,　,False,,,False,,,3
416,PENTAX K-30 18-135WRキット,58000,1628,,2560,6.0,1/6000〜30 秒,3.0,92.1,,False,False,False,　,590.0,128.5,96.5,71.5,3.0,20,43,,480,　,,,,False,○,False,,○,False,,,False,2012,6,3
417,D5300 18-140 VR レンズキット,75980,2416,,25600,5.0,1/4000〜30 秒,3.2,104.0,,False,True,False,バリアングル液晶,480.0,125.0,98.0,76.0,3.0,3,44,,600,　,,,,True,　,True,,　,False,,,False,2013,11,3
418,D7000 18-105 VR レンズキット,88000,1620,,25600,6.0,1/8000〜30 秒,3.0,92.0,,False,False,False,　,690.0,132.0,105.0,77.0,3.0,3,43,,1050,　,,,,False,○,False,,　,False,,,False,2010,10,3
419,D7100 16-85 VR レンズキット,119299,2410,,25600,7.0,1/8000〜30 秒,3.2,122.9,,False,False,False,　,675.0,135.5,106.5,76.0,3.0,3,43,,950,　,,,,False,○,False,,　,False,,,False,2013,3,3
420,EOS 7D Mark II EF24-70L IS USM レンズキット,219800,2020,,5120,10.0,1/8000〜30 秒,3.0,104.0,270,False,False,False,　,820.0,148.6,112.4,78.2,3.0,4,43,,800,　,,,,False,○,True,,　,False,,,False,2014,10,3
421,EOS Kiss X70 EF-S18-55 IS II レンズキット,47000,1800,,1280,3.0,1/4000〜30 秒,3.0,46.0,190,False,False,False,　,435.0,129.6,99.7,77.9,3.0,4,45,,600,　,,,,False,　,False,,　,False,,,False,2014,3,3
422,PENTAX K-S2 18-50REキット,58680,2012,,,5.5,1/6000〜30 秒,3.0,92.1,,False,True,False,バリアングル液晶,618.0,122.5,91.0,72.5,3.0,20,43,,480,　,,,,True,○,False,,○,False,,,False,2015,3,3
423,D800E ボディ,215000,3630,,25600,5.0,1/8000〜30 秒,3.2,92.0,,False,False,False,　,900.0,146.0,123.0,81.5,2.0,3,43,,900,　,,,,False,○,False,,　,False,,,False,2012,4,3
424,H6D-50c ボディ,2009880,,,,,1/2000〜 秒,3.0,92.0,　,False,True,True,　,,,,,1.0,21,2,,,　,,,,False,　,False,,　,False,,,False,,,3
425,PENTAX K-3 II 16-85WR レンズキット,129800,2435,,,8.3,1/8000〜30 秒,3.2,103.7,,False,False,False,　,700.0,131.5,102.5,77.5,3.0,20,43,,720,　,,,,False,○,True,,○,False,,,False,2015,6,3
426,PENTAX K-S1 ボディ,80000,2012,,,5.4,1/6000〜30 秒,3.0,92.1,,False,False,False,　,498.0,120.0,92.5,69.5,3.0,20,43,,480,　,,,,False,　,False,,○,False,,,False,2014,9,3
427,EOS 5D Mark III EF24-105L IS U レンズキット,409916,2230,,10240,6.0,1/8000〜30 秒,3.2,104.0,200,False,False,False,　,860.0,152.0,116.4,76.4,2.0,4,43,,950,　,,,,False,○,False,,　,False,,,False,2012,3,3
428,EOS 8000D ボディ,76464,2420,,2560,5.0,1/4000〜30 秒,3.0,104.0,200,False,True,True,バリアングル液晶,520.0,131.9,100.9,77.8,3.0,4,45,,550,　,,,,False,　,False,,　,False,,,False,2015,4,3
429,EOS Kiss X7 ダブルレンズキット,71500,1800,,2560,4.0,1/4000〜30 秒,3.0,104.0,160,False,False,True,　,373.0,116.8,90.7,69.4,3.0,4,45,,480,　,,,,False,　,False,,　,False,,,False,2013,11,3
430,EOS Kiss X7i EF-S18-55 IS STM レンズキット,88923,1800,,2560,5.0,1/4000〜30 秒,3.0,104.0,200,False,False,True,バリアングル液晶,525.0,133.1,99.8,78.8,3.0,4,45,,550,　,,,,False,　,False,,　,False,,,False,2013,4,3
431,EOS Kiss X80 ボディ,29780,1800,,1280,3.0,1/4000〜30 秒,3.0,92.0,190,False,True,False,　,440.0,129.0,101.3,77.6,3.0,4,45,,600,　,,,,False,　,False,,　,False,,,False,2016,4,3
432,Mamiya ZD ボディ,1382400,2150,,,1.2,1/4000〜30 秒,1.8,13.0,　,False,False,False,　,1200.0,161.5,152.0,90.8,1.0,22,43,,,　,,,,False,　,False,,　,False,,,False,,,3
433,SD1 ボディ,330000,4600,,,6.0,1/8000〜30 秒,3.0,46.0,　,False,False,False,　,700.0,145.5,113.5,80.0,3.0,13,43,,,　,,,,False,○,False,,　,False,,,False,2011,6,3
434,α77 SLT-A77V ボディ,120000,2430,,2560,12.0,1/8000〜30 秒,3.0,92.1,530,False,False,False,3軸チルト液晶,653.0,142.6,104.0,80.9,3.0,1,2,,470,　,,,,True,○,True,,○,False,,,False,2011,10,3
